'[0, 0, 0, 26, 1, 0, 0, 26, 1, 0, 0, 26, 0, 26, 1, 1, 1, 1, 1, 0, 26, 1, 1, 1, 1, 0, 0, 0, 0, 0]'
'[1, 28, 1, 24, 1, 1, 1, 1, 0, 0, 0, 26, 0, 26, 1, 1, 1, 1, 1, 1, 0, 0, 26, 24, 1, 1, 1, 1, 1, 1]'
'[0, 0, 26, 24, 0, 26, 1, 0, 26, 0, 26, 0, 26, 0, 0, 26, 1, 1, 0, 0, 26, 1, 1, 1, 1, 1, 0, 0, 26, 1]'
'[1, 1, 0, 0, 0, 0, 0, 0, 0, 0, 0, 0, 0, 0, 0, 0, 0, 0, 0, 0, 0, 0, 0, 0, 0, 0, 0, 0, 26, 1]'
'[1, 1, 1, 1, 1, 1, 1, 1, 1, 1, 1, 1, 1, 1, 1, 1, 1, 1, 24, 1, 0, 0, 0, 0, 0, 0, 0, 0, 0, 0]'
'[0, 0, 0, 0, 0, 0, 0, 0, 0, 0, 0, 0, 0, 0, 0, 0, 0, 0, 0, 0, 0, 0, 0, 0, 0, 0, 0, 0, 26, 0]'
'[0, 0, 26, 0, 0, 0, 0, 0, 0, 0, 0, 26, 0, 0, 0, 26, 0, 0, 0, 0, 0, 0, 0, 0, 0, 0, 0, 0, 0, 0]'
'[28, 1, 1, 1, 1, 1, 1, 1, 24, 1, 28, 24, 1, 1, 1, 1, 1, 1, 1, 1, 1, 1, 1, 1, 1, 0, 0, 0, 0, 0]'
'[33, 21, 0, 26, 33, 19, 33, 14, 33, 19, 33, 19, 33, 19, 33, 19, 33, 19, 33, 19, 33, 19, 33, 19, 33, 19, 33, 19, 35, 17]'
'[0, 26, 0, 26, 1, 24, 0, 0, 0, 26, 1, 1, 0, 0, 0, 0, 0, 0, 0, 0, 0, 0, 0, 0, 0, 0, 0, 0, 0, 0]'
'[1, 1, 0, 26, 1, 1, 1, 0, 26, 1, 1, 1, 1, 1, 0, 0, 0, 0, 0, 0, 0, 0, 0, 26, 0, 26, 1, 0, 0, 26]'
'[29, 1, 21, 0, 26, 1, 1, 0, 26, 1, 1, 1, 1, 0, 26, 1, 1, 1, 1, 1, 1, 1, 1, 1, 1, 1, 24, 1, 1, 1]'
'[1, 24, 1, 1, 1, 1, 1, 1, 1, 1, 1, 1, 1, 1, 1, 1, 1, 1, 1, 1, 0, 0, 0, 0, 0, 0, 0, 0, 0, 0]'
'[0, 0, 0, 0, 26, 28, 1, 0, 0, 0, 26, 1, 1, 0, 26, 1, 1, 1, 1, 1, 1, 1, 1, 0, 0, 0, 0, 0, 0, 0]'
'[0, 0, 26, 0, 26, 0, 26, 24, 0, 26, 28, 1, 0, 26, 0, 0, 26, 0, 0, 0, 0, 26, 0, 0, 26, 0, 0, 0, 0, 0]'
'[0, 0, 0, 0, 0, 0, 0, 0, 0, 0, 0, 0, 0, 0, 0, 0, 0, 0, 0, 0, 0, 0, 0, 0, 0, 0, 0, 0, 0, 0]'
'[1, 1, 1, 1, 27, 1, 0, 0, 26, 25, 1, 1, 1, 1, 1, 1, 1, 1, 1, 1, 1, 1, 1, 0, 26, 1, 1, 0, 26, 1]'
'[1, 1, 1, 1, 0, 26, 1, 1, 0, 26, 1, 1, 1, 0, 26, 0, 26, 1, 1, 2, 50, 1, 28, 1, 1, 2, 1, 50, 1, 1]'
'[27, 28, 1, 1, 1, 0, 0, 0, 26, 1, 1, 25, 1, 1, 0, 0, 0, 0, 0, 0, 0, 0, 0, 0, 0, 0, 0, 0, 0, 0]'
'[1, 1, 1, 1, 1, 1, 0, 0, 0, 0, 0, 0, 0, 0, 0, 0, 0, 0, 0, 0, 0, 0, 0, 0, 0, 0, 0, 0, 0, 0]'
'[1, 1, 1, 1, 1, 0, 0, 26, 1, 1, 1, 1, 1, 1, 1, 1, 0, 0, 0, 0, 0, 0, 0, 0, 26, 29, 1, 25, 24, 1]'
'[0, 26, 0, 26, 0, 26, 0, 26, 0, 26, 0, 26, 0, 26, 0, 26, 0, 0, 0, 0, 0, 0, 0, 0, 0, 0, 0, 0, 0, 0]'
'[0, 0, 0, 0, 0, 0, 0, 0, 0, 0, 0, 0, 0, 0, 0, 0, 0, 0, 0, 0, 0, 0, 0, 0, 0, 0, 0, 0, 0, 0]'
'[1, 1, 1, 1, 1, 1, 1, 1, 1, 1, 1, 1, 1, 1, 1, 25, 1, 28, 1, 1, 1, 1, 0, 0, 0, 0, 0, 0, 0, 0]'
'[1, 1, 0, 26, 1, 0, 26, 0, 26, 1, 1, 1, 1, 1, 1, 1, 28, 1, 0, 0, 0, 0, 0, 0, 0, 0, 0, 0, 0, 0]'
'[1, 28, 1, 0, 26, 1, 1, 1, 1, 1, 1, 1, 1, 1, 28, 1, 1, 1, 24, 1, 1, 1, 1, 1, 0, 0, 0, 0, 26, 1]'
'[0, 0, 0, 0, 0, 0, 0, 0, 0, 0, 0, 0, 0, 0, 0, 0, 0, 0, 0, 0, 0, 0, 0, 0, 0, 0, 0, 0, 0, 0]'
'[0, 0, 0, 0, 26, 0, 0, 26, 1, 0, 0, 0, 0, 0, 0, 0, 0, 0, 26, 0, 0, 0, 0, 0, 26, 1, 0, 0, 0, 0]'
'[1, 0, 0, 26, 1, 0, 0, 0, 0, 0, 0, 26, 1, 1, 1, 1, 1, 1, 1, 1, 1, 1, 28, 1, 1, 1, 1, 24, 1, 1]'
'[1, 1, 25, 1, 24, 1, 0, 0, 0, 0, 0, 26, 28, 1, 1, 1, 1, 1, 1, 1, 0, 0, 0, 0, 0, 0, 0, 26, 0, 26]'
'[0, 0, 26, 1, 0, 26, 0, 26, 0, 26, 1, 0, 0, 0, 26, 0, 0, 0, 26, 1, 0, 26, 1, 1, 0, 0, 0, 26, 0, 0]'
'[24, 1, 1, 1, 1, 1, 1, 1, 1, 0, 26, 1, 1, 1, 0, 0, 0, 0, 0, 0, 0, 0, 0, 0, 0, 0, 0, 0, 0, 0]'
'[24, 24, 1, 1, 1, 1, 1, 28, 1, 1, 1, 1, 0, 0, 0, 0, 0, 0, 0, 0, 0, 0, 0, 0, 0, 0, 0, 0, 0, 0]'
'[0, 0, 26, 1, 23, 24, 1, 0, 0, 0, 0, 0, 0, 0, 0, 0, 26, 24, 0, 0, 0, 0, 0, 0, 26, 0, 26, 0, 0, 0]'
'[1, 1, 1, 1, 0, 0, 0, 0, 0, 26, 1, 1, 1, 1, 1, 1, 1, 1, 28, 29, 1, 1, 1, 1, 0, 0, 0, 0, 0, 0]'
'[0, 0, 0, 0, 0, 0, 0, 0, 0, 0, 0, 0, 0, 0, 0, 0, 0, 0, 0, 0, 0, 0, 0, 0, 0, 0, 0, 0, 0, 0]'
'[1, 33, 1, 0, 26, 1, 1, 1, 1, 1, 1, 0, 0, 26, 1, 1, 1, 1, 1, 1, 1, 1, 1, 1, 0, 0, 0, 0, 0, 0]'
'[0, 0, 0, 0, 0, 0, 0, 0, 0, 0, 26, 0, 26, 0, 26, 1, 1, 24, 1, 1, 1, 0, 0, 0, 0, 0, 0, 0, 0, 0]'
'[1, 24, 1, 1, 1, 0, 0, 0, 0, 0, 0, 0, 0, 0, 0, 0, 0, 0, 0, 0, 0, 0, 0, 0, 0, 0, 0, 0, 0, 0]'
'[1, 28, 1, 1, 1, 1, 1, 1, 1, 28, 24, 1, 1, 1, 0, 0, 26, 1, 0, 26, 1, 1, 1, 1, 1, 1, 1, 1, 1, 0]'
'[0, 0, 0, 0, 0, 0, 0, 26, 1, 1, 1, 1, 1, 1, 0, 0, 26, 0, 0, 0, 26, 1, 1, 0, 0, 0, 0, 0, 0, 0]'
'[1, 24, 0, 26, 1, 1, 1, 1, 1, 1, 0, 0, 0, 0, 0, 0, 0, 0, 0, 0, 0, 0, 0, 0, 0, 0, 0, 0, 0, 0]'
'[1, 1, 1, 1, 1, 1, 25, 24, 1, 1, 1, 1, 1, 1, 1, 1, 1, 1, 1, 0, 0, 0, 0, 26, 1, 1, 1, 1, 1, 1]'
'[1, 1, 1, 1, 1, 1, 1, 0, 26, 1, 1, 1, 1, 1, 1, 1, 1, 1, 1, 0, 0, 0, 0, 26, 1, 1, 1, 24, 1, 0]'
'[26, 28, 1, 24, 28, 1, 1, 1, 1, 1, 24, 1, 1, 1, 1, 1, 0, 26, 1, 1, 28, 1, 1, 1, 1, 1, 1, 1, 1, 1]'
'[0, 0, 0, 0, 26, 1, 23, 27, 1, 25, 24, 1, 1, 1, 0, 0, 0, 0, 0, 0, 0, 0, 26, 1, 1, 0, 26, 1, 1, 1]'
'[1, 28, 1, 0, 0, 0, 0, 0, 0, 26, 28, 1, 1, 1, 1, 1, 1, 1, 1, 0, 0, 26, 1, 27, 1, 24, 1, 1, 1, 1]'
'[1, 1, 1, 1, 1, 0, 0, 0, 0, 26, 1, 1, 1, 1, 1, 1, 1, 0, 0, 26, 1, 1, 1, 28, 1, 1, 1, 1, 1, 1]'
'[1, 1, 1, 1, 1, 1, 1, 1, 1, 1, 1, 1, 1, 1, 1, 1, 1, 1, 1, 1, 1, 1, 1, 0, 0, 0, 0, 0, 0, 0]'
'[1, 0, 26, 1, 1, 1, 0, 26, 1, 1, 1, 1, 1, 1, 1, 1, 1, 1, 1, 0, 0, 0, 0, 0, 0, 26, 1, 1, 1, 1]'
'[1, 1, 1, 1, 28, 1, 1, 1, 1, 1, 1, 1, 1, 1, 1, 1, 0, 0, 26, 1, 29, 1, 28, 1, 1, 1, 1, 28, 1, 1]'
'[0, 0, 0, 0, 0, 0, 0, 0, 0, 0, 0, 0, 0, 0, 0, 0, 0, 0, 0, 0, 0, 0, 0, 0, 0, 0, 0, 0, 0, 0]'
'[1, 1, 21, 1, 1, 1, 1, 1, 0, 0, 0, 26, 1, 1, 1, 1, 1, 1, 1, 1, 1, 1, 1, 1, 1, 1, 1, 1, 0, 0]'
'[0, 26, 0, 26, 0, 26, 0, 26, 0, 26, 0, 26, 0, 26, 0, 0, 0, 0, 0, 0, 0, 0, 0, 0, 0, 0, 0, 0, 0, 0]'
'[24, 1, 0, 0, 26, 24, 1, 0, 0, 0, 0, 0, 0, 26, 29, 28, 1, 0, 0, 0, 0, 0, 26, 1, 0, 26, 1, 0, 0, 0]'
'[1, 1, 1, 1, 1, 1, 28, 1, 1, 1, 1, 1, 1, 1, 1, 0, 0, 0, 0, 0, 0, 0, 0, 0, 0, 0, 0, 26, 1, 1]'
'[24, 1, 1, 1, 1, 1, 28, 1, 27, 1, 1, 0, 26, 1, 1, 1, 1, 1, 1, 1, 1, 0, 0, 0, 26, 1, 1, 24, 1, 0]'
'[0, 26, 1, 1, 1, 1, 1, 1, 1, 0, 0, 0, 0, 26, 1, 1, 1, 1, 0, 0, 0, 26, 1, 1, 1, 0, 0, 26, 0, 26]'
'[0, 0, 0, 0, 0, 0, 0, 0, 0, 0, 0, 0, 0, 0, 0, 0, 0, 0, 0, 0, 0, 0, 0, 0, 0, 0, 0, 0, 0, 0]'
'[1, 1, 1, 1, 1, 1, 1, 1, 0, 0, 0, 26, 1, 1, 1, 1, 1, 0, 26, 1, 24, 0, 26, 1, 1, 1, 1, 1, 1, 1]'
'[1, 1, 24, 28, 1, 1, 1, 1, 1, 0, 0, 0, 26, 1, 24, 28, 1, 27, 1, 28, 1, 1, 1, 1, 1, 1, 1, 0, 26, 1]'
'[1, 1, 0, 0, 26, 1, 1, 1, 1, 1, 1, 1, 1, 1, 1, 1, 0, 26, 1, 1, 1, 0, 26, 1, 1, 1, 1, 1, 1, 1]'
'[1, 1, 1, 1, 1, 0, 0, 26, 1, 1, 1, 0, 0, 26, 1, 0, 26, 1, 1, 1, 1, 1, 1, 1, 1, 1, 0, 0, 26, 1]'
'[0, 0, 0, 0, 0, 0, 0, 0, 0, 0, 0, 0, 0, 0, 0, 0, 0, 0, 0, 0, 0, 0, 0, 0, 0, 0, 0, 0, 0, 0]'
'[0, 0, 0, 0, 0, 0, 0, 0, 0, 0, 0, 0, 0, 0, 0, 0, 0, 0, 0, 0, 0, 0, 0, 0, 0, 0, 0, 0, 0, 0]'
'[24, 1, 27, 1, 1, 1, 0, 0, 0, 0, 0, 0, 26, 1, 1, 1, 1, 1, 1, 1, 1, 1, 1, 1, 1, 1, 1, 1, 1, 1]'
'[0, 0, 0, 0, 0, 26, 0, 0, 26, 1, 1, 1, 1, 0, 0, 0, 0, 0, 0, 0, 26, 0, 0, 0, 26, 1, 1, 0, 0, 26]'
'[0, 0, 0, 26, 28, 24, 1, 28, 1, 1, 1, 1, 1, 1, 1, 1, 1, 1, 1, 0, 0, 0, 0, 0, 0, 0, 0, 0, 0, 26]'
'[26, 0, 0, 26, 0, 26, 0, 0, 0, 0, 0, 0, 0, 0, 0, 0, 0, 0, 0, 0, 0, 0, 0, 0, 0, 0, 0, 0, 0, 0]'
'[1, 1, 28, 1, 1, 1, 0, 0, 26, 1, 1, 24, 23, 1, 1, 1, 1, 1, 1, 1, 1, 1, 1, 1, 0, 26, 1, 1, 1, 1]'
'[24, 1, 1, 1, 24, 1, 1, 1, 1, 1, 1, 0, 0, 0, 0, 0, 0, 0, 0, 0, 0, 0, 0, 0, 0, 0, 0, 0, 0, 0]'
'[1, 1, 1, 24, 1, 1, 1, 1, 1, 1, 1, 1, 1, 1, 1, 1, 1, 28, 24, 1, 1, 1, 1, 1, 1, 24, 1, 1, 1, 1]'
'[14, 38, 14, 38, 14, 38, 14, 38, 14, 38, 14, 38, 14, 38, 14, 38, 14, 38, 14, 38, 14, 38, 14, 38, 14, 38, 14, 38, 14, 38]'
'[24, 0, 26, 1, 28, 1, 1, 1, 1, 1, 1, 1, 1, 1, 0, 0, 0, 26, 28, 1, 0, 26, 0, 26, 1, 0, 26, 1, 24, 1]'
'[0, 0, 26, 1, 1, 1, 1, 1, 1, 0, 26, 1, 0, 0, 26, 1, 0, 26, 1, 24, 1, 0, 26, 1, 1, 1, 1, 1, 1, 0]'
'[1, 1, 1, 1, 1, 1, 1, 1, 1, 1, 1, 1, 0, 26, 1, 1, 1, 0, 0, 0, 0, 0, 26, 1, 1, 1, 1, 1, 1, 1]'
'[1, 1, 1, 1, 28, 1, 1, 1, 1, 0, 26, 24, 1, 1, 1, 28, 29, 1, 1, 1, 1, 0, 0, 0, 0, 26, 1, 24, 1, 1]'
'[26, 1, 1, 25, 1, 24, 1, 0, 0, 26, 1, 1, 1, 1, 1, 1, 25, 1, 0, 26, 1, 1, 1, 1, 1, 1, 1, 1, 1, 1]'
'[1, 1, 1, 0, 0, 0, 0, 0, 0, 0, 0, 0, 0, 0, 26, 1, 1, 1, 1, 1, 1, 1, 1, 1, 1, 1, 1, 1, 1, 1]'
'[1, 24, 0, 0, 0, 0, 26, 0, 0, 26, 0, 26, 0, 26, 0, 26, 0, 0, 0, 0, 26, 0, 26, 1, 1, 1, 0, 0, 0, 26]'
'[0, 0, 0, 26, 0, 0, 26, 1, 0, 26, 0, 26, 0, 26, 0, 26, 0, 0, 0, 0, 0, 26, 1, 1, 1, 1, 1, 1, 1, 1]'
'[0, 0, 0, 26, 28, 28, 29, 0, 26, 1, 1, 0, 26, 1, 1, 1, 1, 0, 26, 1, 28, 0, 26, 1, 1, 1, 1, 1, 1, 0]'
'[1, 1, 1, 1, 1, 0, 26, 1, 1, 1, 1, 1, 1, 1, 1, 1, 1, 1, 1, 1, 1, 1, 1, 0, 0, 26, 1, 1, 1, 28]'
'[0, 0, 0, 0, 0, 0, 0, 0, 0, 0, 0, 0, 0, 0, 0, 0, 0, 0, 0, 0, 0, 0, 0, 0, 0, 0, 0, 0, 0, 0]'
'[1, 1, 1, 1, 0, 0, 0, 0, 0, 0, 0, 0, 26, 1, 1, 1, 24, 1, 23, 24, 1, 1, 1, 1, 1, 1, 1, 0, 0, 0]'
'[0, 0, 0, 0, 0, 0, 0, 0, 0, 0, 0, 0, 0, 0, 0, 0, 0, 0, 0, 0, 0, 0, 0, 0, 0, 0, 0, 0, 0, 0]'
'[0, 0, 0, 0, 0, 0, 0, 0, 0, 0, 0, 0, 0, 0, 26, 1, 28, 1, 1, 24, 1, 1, 1, 1, 1, 1, 1, 1, 1, 0]'
'[1, 1, 1, 0, 0, 26, 1, 1, 1, 1, 1, 1, 1, 1, 1, 0, 0, 0, 26, 1, 28, 28, 1, 1, 1, 1, 1, 1, 1, 1]'
'[1, 1, 1, 0, 0, 26, 1, 1, 1, 1, 1, 1, 1, 1, 1, 1, 1, 1, 1, 0, 0, 0, 26, 1, 1, 1, 1, 1, 1, 1]'
'[1, 1, 1, 1, 1, 1, 1, 1, 1, 1, 1, 1, 1, 1, 1, 1, 1, 1, 1, 1, 1, 1, 1, 1, 1, 1, 1, 1, 1, 1]'
'[1, 1, 1, 0, 26, 1, 28, 1, 1, 1, 1, 1, 1, 1, 1, 1, 1, 1, 1, 1, 1, 1, 1, 0, 0, 26, 1, 1, 1, 1]'
'[1, 1, 1, 1, 25, 0, 26, 0, 26, 1, 0, 26, 0, 26, 1, 1, 1, 28, 1, 28, 1, 0, 26, 1, 1, 24, 28, 1, 29, 1]'
'[1, 0, 26, 1, 1, 24, 1, 1, 0, 26, 1, 1, 1, 1, 0, 26, 1, 1, 1, 1, 1, 1, 1, 1, 1, 1, 0, 0, 26, 0]'
'[1, 1, 1, 1, 28, 1, 1, 1, 1, 1, 1, 1, 1, 1, 1, 24, 1, 1, 1, 1, 1, 1, 24, 1, 0, 26, 1, 1, 28, 1]'
'[0, 0, 0, 0, 0, 0, 0, 0, 0, 0, 0, 0, 0, 0, 0, 0, 0, 0, 0, 0, 0, 0, 0, 0, 0, 0, 0, 0, 0, 0]'
'[1, 1, 1, 1, 0, 26, 1, 1, 1, 28, 27, 1, 1, 1, 1, 1, 1, 1, 1, 1, 1, 1, 1, 1, 1, 1, 1, 1, 1, 1]'
'[1, 0, 0, 0, 26, 1, 1, 1, 0, 26, 1, 1, 0, 26, 1, 1, 1, 1, 1, 1, 1, 1, 1, 0, 26, 0, 26, 1, 1, 1]'
'[1, 1, 1, 0, 26, 0, 26, 1, 0, 26, 24, 1, 1, 0, 0, 0, 26, 1, 1, 1, 1, 1, 1, 1, 1, 1, 1, 1, 1, 1]'
'[1, 0, 26, 1, 1, 23, 1, 0, 0, 0, 0, 26, 28, 29, 1, 1, 23, 1, 1, 1, 1, 1, 1, 1, 1, 1, 1, 0, 0, 0]'
'[0, 0, 0, 0, 0, 0, 0, 0, 0, 0, 0, 0, 0, 0, 0, 0, 0, 0, 0, 0, 0, 0, 0, 0, 0, 0, 0, 0, 0, 0]'
'[1, 1, 1, 1, 1, 1, 1, 1, 1, 1, 1, 0, 0, 0, 0, 0, 26, 1, 1, 1, 1, 1, 1, 1, 1, 1, 1, 0, 26, 0]'
'[1, 1, 0, 26, 1, 1, 1, 1, 1, 0, 0, 0, 26, 1, 0, 0, 26, 1, 1, 1, 1, 1, 0, 0, 0, 26, 1, 1, 1, 23]'
'[1, 28, 1, 1, 24, 1, 1, 1, 1, 1, 24, 1, 1, 1, 1, 0, 26, 1, 1, 1, 1, 0, 0, 0, 0, 0, 26, 0, 26, 1]'
'[1, 1, 0, 0, 0, 0, 0, 0, 0, 0, 0, 0, 0, 0, 26, 1, 1, 1, 1, 1, 1, 1, 1, 0, 0, 26, 1, 1, 1, 1]'
'[0, 0, 0, 0, 0, 0, 0, 0, 0, 0, 0, 0, 0, 0, 0, 0, 0, 0, 0, 0, 0, 0, 0, 0, 0, 0, 0, 0, 0, 0]'
'[0, 26, 0, 0, 0, 26, 0, 0, 26, 1, 0, 26, 1, 0, 0, 26, 0, 0, 26, 1, 0, 26, 0, 26, 0, 0, 0, 0, 26, 0]'
'[26, 0, 0, 26, 0, 26, 0, 0, 0, 0, 0, 0, 0, 0, 0, 0, 0, 0, 0, 0, 0, 0, 0, 0, 26, 0, 26, 24, 28, 29]'
'[0, 0, 0, 0, 0, 0, 0, 0, 0, 0, 0, 26, 0, 0, 0, 0, 0, 0, 26, 1, 28, 24, 1, 1, 1, 1, 0, 0, 26, 1]'
'[1, 1, 1, 1, 1, 0, 0, 0, 26, 1, 1, 1, 1, 1, 1, 1, 1, 1, 1, 1, 1, 1, 1, 1, 1, 1, 1, 0, 26, 1]'
'[0, 26, 1, 0, 26, 24, 1, 1, 0, 26, 1, 0, 26, 1, 1, 1, 1, 1, 1, 1, 1, 0, 0, 0, 26, 1, 1, 0, 0, 0]'
'[0, 0, 0, 0, 0, 0, 0, 0, 0, 0, 0, 0, 0, 0, 0, 0, 0, 0, 0, 0, 0, 0, 0, 0, 0, 0, 0, 0, 0, 0]'
'[14, 38, 1, 14, 38, 14, 38, 14, 38, 14, 38, 14, 38, 14, 38, 14, 38, 14, 38, 14, 38, 14, 38, 14, 38, 14, 38, 14, 38, 14]'
'[1, 0, 26, 0, 0, 26, 0, 0, 0, 0, 26, 0, 0, 26, 1, 0, 0, 0, 26, 0, 26, 1, 24, 0, 0, 26, 1, 1, 0, 26]'
'[1, 1, 0, 26, 1, 1, 0, 26, 1, 1, 1, 1, 24, 1, 1, 1, 1, 1, 0, 0, 0, 0, 26, 1, 1, 1, 1, 23, 1, 1]'
'[1, 1, 25, 29, 1, 1, 1, 1, 1, 0, 0, 0, 26, 1, 1, 1, 24, 1, 1, 1, 1, 1, 1, 1, 1, 1, 1, 1, 1, 1]'
'[0, 0, 26, 1, 28, 1, 28, 1, 1, 1, 1, 1, 1, 28, 1, 1, 24, 1, 1, 1, 1, 1, 1, 1, 0, 0, 26, 1, 1, 1]'
'[0, 26, 1, 0, 26, 0, 26, 0, 0, 26, 1, 0, 0, 0, 0, 0, 26, 1, 1, 0, 0, 0, 26, 0, 26, 0, 0, 26, 0, 26]'
'[0, 0, 0, 0, 0, 0, 0, 0, 0, 0, 26, 0, 0, 0, 0, 26, 28, 0, 0, 0, 0, 0, 0, 0, 0, 0, 0, 0, 0, 0]'
'[24, 1, 1, 1, 1, 1, 0, 0, 26, 1, 1, 1, 1, 1, 1, 1, 1, 1, 1, 1, 1, 1, 1, 1, 1, 1, 1, 1, 1, 1]'
'[0, 0, 0, 0, 0, 0, 0, 26, 1, 1, 24, 1, 1, 1, 1, 1, 1, 1, 28, 1, 1, 1, 1, 1, 1, 1, 0, 26, 1, 1]'
'[0, 0, 26, 1, 1, 0, 26, 1, 1, 1, 1, 0, 0, 0, 0, 26, 1, 1, 1, 1, 1, 1, 0, 0, 0, 0, 0, 26, 0, 26]'
'[26, 1, 1, 1, 1, 1, 0, 0, 0, 0, 0, 0, 0, 0, 0, 0, 0, 26, 0, 26, 0, 26, 0, 26, 0, 0, 26, 1, 1, 0]'
'[1, 31, 1, 1, 1, 1, 28, 1, 1, 1, 1, 1, 1, 1, 1, 1, 1, 1, 1, 1, 1, 1, 1, 1, 1, 1, 1, 1, 1, 1]'
'[38, 1, 1, 1, 14, 1, 1, 1, 1, 1, 1, 1, 1, 1, 14, 1, 1, 1, 1, 1, 1, 1, 1, 1, 1, 1, 0, 0, 26, 1]'
'[1, 1, 1, 1, 1, 1, 1, 1, 1, 1, 1, 1, 1, 1, 1, 0, 0, 0, 0, 0, 0, 0, 0, 0, 0, 0, 26, 1, 1, 1]'
'[0, 0, 26, 1, 0, 0, 0, 26, 24, 1, 1, 1, 1, 1, 1, 1, 1, 1, 0, 0, 0, 0, 0, 0, 0, 0, 26, 1, 1, 1]'
'[1, 38, 19, 1, 1, 1, 14, 1, 1, 1, 1, 1, 1, 38, 1, 1, 1, 1, 0, 26, 1, 1, 1, 1, 1, 1, 1, 1, 1, 1]'
'[1, 1, 0, 26, 25, 1, 1, 1, 1, 1, 1, 0, 26, 1, 1, 0, 0, 0, 0, 0, 0, 26, 1, 1, 1, 1, 1, 0, 0, 26]'
'[0, 0, 0, 0, 0, 26, 1, 24, 1, 1, 0, 0, 26, 1, 24, 1, 25, 1, 24, 1, 1, 1, 1, 1, 24, 28, 1, 1, 1, 1]'
'[1, 1, 1, 1, 1, 1, 1, 0, 0, 0, 26, 1, 1, 1, 1, 1, 1, 1, 1, 1, 1, 1, 0, 0, 0, 26, 1, 1, 1, 1]'
'[1, 31, 1, 38, 1, 1, 1, 24, 1, 1, 1, 1, 1, 1, 1, 1, 1, 1, 1, 1, 1, 1, 1, 1, 0, 26, 1, 1, 1, 1]'
'[1, 28, 1, 24, 1, 1, 1, 1, 1, 0, 0, 0, 0, 0, 0, 0, 0, 0, 0, 0, 0, 0, 0, 0, 0, 0, 0, 0, 26, 1]'
'[0, 0, 0, 26, 1, 1, 0, 0, 26, 1, 0, 26, 1, 1, 1, 1, 1, 1, 1, 1, 0, 26, 1, 1, 1, 2, 1, 1, 1, 1]'
'[1, 0, 0, 26, 0, 26, 1, 1, 1, 1, 1, 1, 1, 1, 1, 1, 1, 0, 0, 0, 0, 26, 1, 24, 1, 1, 1, 1, 1, 1]'
'[0, 0, 0, 0, 0, 0, 0, 26, 1, 24, 1, 1, 1, 1, 1, 1, 24, 1, 0, 0, 26, 1, 1, 1, 1, 1, 1, 1, 1, 1]'
'[1, 1, 1, 30, 1, 22, 1, 1, 1, 1, 1, 1, 1, 1, 1, 1, 1, 1, 1, 1, 1, 1, 1, 1, 1, 1, 1, 1, 1, 1]'
'[1, 1, 1, 1, 1, 1, 1, 1, 1, 1, 24, 1, 24, 24, 1, 1, 25, 24, 1, 1, 1, 1, 1, 1, 0, 0, 0, 26, 1, 1]'
'[1, 1, 24, 1, 1, 1, 1, 1, 1, 1, 1, 0, 0, 0, 0, 0, 0, 0, 0, 0, 0, 0, 0, 0, 0, 0, 0, 0, 0, 0]'
'[1, 1, 1, 1, 1, 1, 1, 1, 1, 1, 1, 1, 1, 1, 0, 26, 1, 0, 26, 0, 26, 1, 1, 1, 1, 1, 1, 1, 0, 0]'
'[1, 28, 1, 0, 0, 26, 0, 0, 0, 0, 0, 0, 0, 0, 0, 0, 0, 0, 0, 0, 0, 26, 0, 26, 0, 26, 1, 1, 0, 0]'
'[1, 1, 1, 1, 1, 1, 1, 0, 0, 26, 1, 1, 1, 1, 1, 1, 1, 1, 1, 0, 0, 0, 0, 26, 1, 1, 1, 1, 1, 1]'
'[0, 0, 0, 0, 0, 0, 0, 0, 0, 0, 0, 0, 0, 0, 0, 0, 0, 0, 0, 0, 0, 0, 0, 0, 0, 0, 0, 0, 0, 0]'
'[0, 26, 0, 0, 0, 26, 1, 1, 1, 1, 1, 1, 1, 1, 1, 1, 1, 1, 1, 0, 0, 0, 0, 0, 0, 0, 0, 0, 0, 26]'
'[0, 0, 0, 0, 26, 24, 1, 1, 1, 1, 1, 1, 0, 0, 0, 0, 0, 0, 0, 0, 0, 0, 0, 0, 0, 0, 0, 0, 0, 0]'
'[1, 24, 0, 26, 1, 1, 0, 26, 0, 26, 0, 26, 1, 1, 0, 26, 24, 23, 1, 1, 0, 0, 0, 26, 1, 1, 1, 1, 0, 26]'
'[0, 0, 0, 0, 0, 0, 0, 0, 0, 0, 0, 0, 0, 0, 0, 0, 0, 0, 0, 0, 0, 0, 0, 0, 0, 0, 0, 0, 0, 0]'
'[1, 0, 26, 1, 1, 1, 1, 1, 1, 1, 1, 1, 1, 1, 1, 1, 1, 1, 1, 0, 26, 1, 1, 1, 1, 1, 1, 1, 1, 1]'
'[1, 1, 1, 1, 1, 1, 1, 1, 28, 1, 1, 1, 1, 1, 1, 1, 1, 1, 1, 0, 0, 0, 26, 1, 1, 1, 1, 0, 26, 1]'
'[0, 26, 24, 0, 0, 26, 24, 0, 26, 0, 26, 28, 24, 0, 0, 0, 26, 28, 27, 28, 0, 26, 0, 26, 24, 0, 26, 0, 0, 26]'
'[0, 26, 0, 26, 0, 26, 28, 0, 0, 0, 0, 0, 0, 0, 0, 0, 0, 0, 0, 26, 0, 0, 0, 0, 0, 26, 0, 0, 0, 0]'
'[28, 28, 1, 1, 1, 1, 1, 1, 1, 1, 24, 1, 1, 0, 0, 0, 0, 26, 1, 1, 1, 1, 1, 1, 1, 0, 26, 1, 25, 22]'
'[1, 1, 1, 1, 0, 0, 0, 26, 1, 1, 1, 1, 23, 1, 1, 1, 1, 24, 1, 1, 1, 1, 1, 1, 0, 0, 26, 1, 1, 28]'
'[1, 1, 1, 1, 1, 1, 1, 28, 1, 24, 1, 28, 1, 1, 27, 1, 1, 1, 0, 0, 0, 26, 1, 1, 1, 1, 1, 1, 1, 0]'
'[0, 26, 0, 26, 0, 26, 0, 26, 0, 26, 0, 26, 0, 26, 0, 26, 0, 26, 0, 26, 0, 26, 0, 26, 0, 26, 0, 26, 0, 26]'
'[23, 1, 0, 26, 1, 1, 1, 1, 1, 1, 1, 1, 1, 1, 0, 0, 0, 0, 0, 0, 0, 0, 0, 0, 0, 0, 0, 0, 0, 0]'
'[0, 0, 0, 26, 0, 26, 0, 0, 26, 24, 0, 26, 28, 24, 0, 0, 0, 26, 1, 0, 26, 0, 26, 24, 0, 26, 1, 0, 26, 1]'
'[0, 0, 0, 0, 0, 0, 0, 0, 26, 1, 1, 1, 1, 1, 0, 0, 0, 0, 0, 0, 0, 0, 0, 0, 0, 0, 0, 0, 0, 0]'
'[0, 0, 0, 0, 0, 0, 0, 0, 26, 1, 1, 1, 1, 1, 1, 1, 1, 1, 1, 1, 1, 1, 1, 0, 0, 0, 0, 0, 0, 0]'
'[26, 24, 0, 0, 0, 0, 26, 28, 1, 1, 1, 1, 1, 1, 1, 1, 0, 0, 0, 0, 0, 0, 0, 0, 26, 1, 1, 1, 1, 1]'
'[26, 0, 26, 0, 26, 0, 0, 0, 26, 0, 26, 0, 26, 0, 26, 1, 0, 0, 26, 0, 0, 26, 1, 0, 0, 0, 0, 0, 0, 0]'
'[1, 1, 1, 1, 1, 1, 1, 1, 1, 1, 1, 1, 1, 1, 1, 0, 0, 0, 0, 0, 0, 0, 0, 0, 0, 0, 0, 0, 0, 0]'
'[0, 26, 1, 0, 26, 1, 1, 0, 26, 1, 1, 1, 1, 1, 1, 1, 0, 26, 0, 26, 1, 1, 0, 26, 1, 0, 26, 0, 0, 0]'
'[1, 1, 1, 1, 1, 1, 1, 1, 1, 1, 1, 1, 1, 1, 0, 0, 0, 0, 26, 1, 1, 1, 0, 26, 1, 1, 1, 1, 0, 0]'
'[0, 0, 0, 0, 0, 0, 0, 0, 0, 0, 0, 0, 0, 0, 26, 0, 26, 0, 26, 0, 0, 0, 0, 26, 0, 26, 0, 26, 0, 26]'
'[1, 1, 28, 1, 1, 1, 1, 0, 26, 1, 1, 1, 0, 26, 1, 1, 1, 1, 1, 1, 0, 26, 29, 1, 1, 1, 1, 25, 1, 1]'
'[1, 1, 0, 0, 26, 1, 1, 1, 1, 1, 1, 1, 1, 1, 1, 1, 1, 1, 1, 1, 1, 1, 1, 1, 1, 1, 1, 1, 1, 28]'
'[1, 24, 1, 24, 1, 1, 1, 1, 28, 1, 1, 1, 1, 0, 26, 1, 1, 1, 1, 1, 1, 1, 1, 1, 1, 1, 1, 0, 0, 0]'
'[24, 1, 1, 1, 1, 1, 1, 1, 1, 1, 1, 1, 1, 1, 1, 1, 1, 0, 0, 26, 1, 1, 1, 1, 1, 1, 1, 1, 1, 1]'
'[1, 1, 0, 26, 1, 1, 1, 1, 1, 1, 0, 0, 0, 0, 0, 0, 0, 0, 0, 0, 0, 0, 0, 26, 1, 1, 1, 24, 1, 1]'
'[1, 1, 1, 25, 1, 1, 1, 1, 1, 1, 1, 1, 0, 0, 26, 1, 1, 1, 1, 1, 1, 1, 1, 1, 1, 1, 1, 1, 1, 1]'
'[1, 1, 1, 1, 1, 1, 1, 1, 1, 1, 1, 28, 1, 1, 1, 1, 1, 1, 1, 0, 0, 0, 0, 0, 0, 0, 0, 0, 0, 0]'
'[1, 1, 1, 1, 1, 1, 1, 1, 1, 1, 0, 0, 0, 0, 0, 0, 0, 0, 26, 1, 1, 1, 1, 1, 1, 1, 1, 1, 1, 1]'
'[26, 1, 0, 0, 26, 1, 0, 0, 26, 1, 0, 0, 0, 26, 1, 1, 0, 26, 1, 0, 26, 1, 0, 26, 1, 1, 1, 1, 1, 0]'
'[1, 0, 26, 1, 1, 1, 1, 1, 1, 1, 1, 1, 1, 1, 1, 1, 0, 0, 26, 1, 1, 1, 1, 25, 1, 1, 1, 1, 1, 1]'
'[0, 0, 0, 26, 1, 1, 1, 0, 0, 0, 0, 26, 0, 0, 26, 1, 24, 1, 1, 1, 1, 1, 1, 1, 0, 0, 0, 0, 26, 1]'
'[1, 1, 1, 1, 1, 1, 1, 0, 26, 1, 1, 1, 1, 1, 1, 1, 1, 1, 1, 0, 26, 1, 1, 1, 1, 1, 1, 1, 1, 1]'
'[21, 19, 33, 19, 33, 21, 31, 19, 33, 21, 34, 21, 33, 19, 33, 19, 33, 19, 35, 17, 35, 17, 35, 17, 33, 19, 33, 19, 33, 19]'
'[1, 1, 1, 1, 1, 1, 1, 1, 1, 1, 1, 1, 29, 1, 1, 1, 1, 1, 1, 1, 1, 1, 1, 1, 1, 1, 1, 1, 1, 1]'
'[0, 0, 0, 0, 26, 1, 28, 24, 28, 1, 1, 1, 1, 28, 1, 24, 24, 1, 1, 0, 0, 26, 1, 24, 1, 1, 1, 1, 0, 0]'
'[0, 26, 0, 26, 1, 0, 0, 26, 0, 26, 24, 1, 0, 0, 0, 26, 1, 1, 1, 1, 1, 0, 26, 0, 26, 1, 1, 1, 1, 1]'
'[24, 1, 0, 0, 0, 0, 0, 0, 0, 0, 0, 0, 0, 0, 0, 26, 1, 0, 0, 26, 0, 0, 26, 0, 26, 0, 0, 0, 26, 1]'
'[1, 24, 1, 1, 1, 1, 1, 1, 1, 0, 26, 1, 1, 1, 1, 1, 1, 1, 1, 1, 1, 1, 1, 1, 0, 26, 1, 1, 1, 1]'
'[1, 1, 0, 0, 0, 0, 26, 1, 1, 1, 24, 1, 1, 1, 0, 26, 1, 0, 26, 1, 1, 1, 0, 0, 26, 1, 24, 1, 1, 0]'
'[0, 26, 0, 0, 0, 0, 0, 0, 0, 0, 0, 0, 0, 0, 0, 0, 0, 0, 0, 0, 0, 0, 0, 0, 0, 0, 0, 0, 0, 0]'
'[1, 1, 1, 1, 0, 0, 0, 0, 0, 0, 0, 0, 26, 1, 1, 24, 1, 1, 1, 1, 0, 0, 0, 0, 0, 0, 0, 0, 0, 0]'
'[1, 1, 0, 0, 0, 0, 0, 0, 0, 0, 26, 1, 1, 1, 1, 1, 1, 1, 0, 0, 26, 1, 1, 24, 1, 1, 1, 1, 1, 1]'
'[0, 0, 0, 0, 0, 0, 0, 0, 0, 0, 0, 0, 0, 0, 0, 0, 0, 0, 0, 0, 0, 0, 0, 0, 0, 0, 0, 0, 0, 0]'
'[0, 0, 0, 0, 0, 0, 0, 0, 0, 0, 0, 0, 0, 0, 0, 0, 0, 0, 26, 1, 23, 24, 1, 1, 24, 1, 1, 1, 0, 0]'
'[0, 26, 1, 1, 1, 1, 23, 1, 1, 1, 1, 1, 1, 0, 0, 26, 1, 1, 1, 1, 1, 1, 1, 1, 1, 1, 1, 1, 1, 1]'
'[28, 1, 27, 1, 1, 1, 1, 0, 0, 0, 0, 0, 0, 0, 0, 0, 0, 0, 0, 0, 0, 0, 0, 0, 0, 0, 0, 0, 0, 0]'
'[1, 24, 1, 1, 1, 1, 1, 1, 24, 1, 1, 1, 1, 1, 1, 1, 23, 1, 1, 1, 1, 1, 1, 1, 1, 1, 1, 0, 0, 0]'
'[24, 0, 26, 0, 26, 0, 0, 26, 0, 26, 0, 26, 0, 26, 0, 26, 0, 26, 0, 26, 0, 26, 0, 26, 0, 26, 0, 26, 0, 26]'
'[1, 1, 1, 1, 1, 0, 0, 0, 0, 0, 0, 0, 0, 0, 26, 1, 1, 1, 1, 1, 1, 1, 1, 1, 1, 1, 0, 0, 0, 26]'
'[1, 1, 0, 26, 1, 1, 1, 1, 1, 1, 1, 1, 0, 26, 1, 1, 1, 1, 1, 1, 1, 1, 1, 1, 0, 26, 1, 1, 1, 0]'
'[1, 1, 1, 1, 1, 1, 1, 0, 0, 26, 1, 1, 1, 1, 1, 1, 1, 1, 24, 1, 1, 1, 0, 0, 0, 0, 0, 0, 0, 0]'
'[1, 1, 1, 24, 1, 24, 1, 23, 1, 1, 1, 1, 1, 1, 1, 1, 0, 0, 0, 0, 26, 1, 1, 1, 1, 1, 1, 1, 1, 1]'
'[0, 26, 1, 1, 1, 0, 26, 1, 1, 0, 0, 0, 0, 0, 0, 0, 0, 26, 1, 1, 1, 1, 1, 1, 1, 1, 25, 1, 24, 1]'
'[1, 1, 0, 26, 1, 1, 0, 26, 50, 0, 26, 1, 0, 0, 26, 1, 1, 0, 26, 1, 0, 26, 0, 26, 1, 1, 1, 1, 0, 0]'
'[26, 0, 0, 0, 0, 26, 0, 0, 26, 0, 0, 0, 0, 0, 26, 0, 26, 1, 0, 0, 26, 0, 0, 0, 0, 0, 0, 0, 0, 0]'
'[22, 1, 1, 1, 1, 1, 1, 1, 1, 1, 1, 0, 26, 1, 1, 1, 1, 1, 1, 1, 1, 1, 1, 1, 1, 1, 1, 1, 1, 1]'
'[0, 0, 0, 0, 26, 0, 0, 0, 0, 26, 1, 1, 1, 1, 1, 1, 1, 1, 28, 1, 1, 0, 0, 26, 1, 1, 1, 1, 1, 0]'
'[1, 1, 1, 1, 1, 1, 1, 1, 1, 1, 1, 0, 0, 0, 0, 26, 1, 1, 1, 1, 1, 25, 1, 1, 1, 1, 1, 1, 1, 1]'
'[0, 0, 0, 0, 26, 1, 25, 1, 1, 1, 1, 1, 1, 1, 1, 1, 1, 1, 1, 0, 0, 0, 0, 0, 0, 0, 0, 0, 0, 0]'
'[1, 0, 0, 0, 26, 1, 1, 0, 26, 1, 1, 1, 28, 1, 1, 0, 26, 1, 1, 1, 1, 1, 0, 0, 0, 0, 0, 0, 0, 0]'
'[22, 1, 31, 1, 1, 1, 1, 1, 1, 1, 1, 1, 1, 0, 26, 1, 1, 1, 1, 1, 1, 1, 1, 1, 1, 1, 1, 1, 1, 0]'
'[1, 1, 1, 1, 1, 1, 0, 0, 26, 1, 24, 1, 24, 1, 1, 1, 1, 1, 0, 0, 0, 26, 1, 1, 1, 1, 1, 1, 1, 1]'
'[1, 31, 1, 1, 1, 1, 1, 1, 1, 1, 1, 1, 0, 26, 1, 1, 1, 1, 1, 1, 1, 1, 1, 1, 1, 1, 1, 1, 1, 1]'
'[0, 26, 1, 38, 1, 1, 1, 1, 1, 1, 1, 0, 26, 1, 1, 1, 0, 26, 1, 1, 1, 1, 1, 0, 0, 0, 0, 26, 1, 1]'
'[1, 1, 1, 1, 1, 1, 1, 1, 0, 0, 0, 0, 0, 0, 0, 0, 0, 26, 29, 23, 1, 1, 0, 26, 1, 24, 1, 1, 1, 0]'
'[0, 26, 1, 1, 1, 1, 1, 0, 26, 1, 1, 1, 1, 1, 1, 1, 1, 1, 1, 0, 0, 0, 0, 26, 28, 1, 1, 1, 1, 1]'
'[26, 1, 1, 1, 1, 0, 26, 1, 1, 1, 0, 26, 28, 1, 1, 1, 1, 1, 0, 0, 0, 0, 0, 0, 0, 0, 0, 0, 0, 0]'
'[1, 1, 1, 0, 0, 0, 0, 0, 0, 0, 0, 0, 0, 0, 0, 0, 0, 0, 0, 0, 0, 0, 0, 0, 0, 0, 0, 0, 0, 0]'
'[1, 1, 1, 1, 1, 1, 1, 1, 1, 1, 1, 1, 1, 1, 1, 1, 1, 1, 1, 1, 1, 1, 1, 0, 0, 0, 0, 0, 0, 0]'
'[0, 0, 0, 0, 0, 0, 0, 0, 0, 0, 0, 0, 0, 0, 0, 0, 0, 0, 0, 0, 0, 0, 0, 0, 0, 0, 0, 0, 0, 0]'
'[0, 0, 0, 0, 0, 0, 0, 0, 0, 0, 0, 0, 0, 0, 0, 0, 0, 0, 0, 0, 0, 0, 0, 0, 0, 0, 0, 0, 0, 0]'
'[1, 1, 1, 24, 1, 24, 1, 28, 28, 1, 1, 1, 1, 1, 1, 0, 26, 24, 28, 1, 1, 1, 24, 24, 1, 1, 1, 1, 1, 0]'
'[1, 1, 1, 1, 1, 1, 1, 1, 1, 1, 1, 1, 1, 1, 1, 1, 1, 1, 1, 1, 1, 0, 26, 28, 1, 1, 1, 1, 1, 1]'
'[1, 1, 1, 1, 1, 1, 1, 1, 1, 1, 1, 1, 1, 1, 1, 1, 1, 1, 1, 1, 0, 0, 0, 26, 1, 1, 1, 1, 1, 1]'
'[0, 0, 0, 0, 0, 0, 0, 0, 0, 0, 0, 0, 0, 0, 0, 0, 0, 0, 0, 0, 0, 0, 0, 0, 0, 0, 0, 0, 0, 0]'
'[26, 1, 0, 0, 0, 26, 1, 1, 0, 0, 26, 0, 0, 26, 1, 0, 26, 1, 0, 26, 0, 26, 0, 26, 0, 26, 1, 0, 26, 1]'
'[0, 0, 0, 0, 26, 1, 28, 24, 1, 1, 1, 1, 0, 0, 0, 0, 0, 0, 0, 0, 0, 0, 0, 0, 0, 0, 0, 0, 0, 0]'
'[28, 1, 1, 1, 1, 1, 1, 1, 0, 26, 1, 0, 26, 1, 1, 1, 1, 1, 1, 0, 26, 1, 1, 1, 1, 1, 1, 1, 1, 1]'
'[1, 0, 0, 26, 0, 26, 0, 26, 1, 1, 0, 0, 0, 0, 0, 26, 1, 0, 0, 0, 0, 26, 0, 0, 0, 0, 0, 0, 0, 0]'
'[1, 1, 1, 1, 0, 0, 0, 26, 1, 0, 0, 0, 26, 0, 0, 0, 0, 26, 1, 24, 1, 0, 0, 0, 26, 1, 1, 0, 26, 0]'
'[0, 0, 0, 0, 0, 0, 0, 0, 0, 0, 0, 0, 0, 0, 0, 0, 0, 0, 0, 0, 0, 0, 0, 0, 0, 0, 0, 0, 0, 0]'
'[0, 26, 0, 0, 26, 1, 0, 0, 26, 0, 0, 0, 26, 0, 26, 0, 0, 0, 26, 0, 26, 1, 0, 0, 26, 1, 0, 26, 0, 0]'
'[0, 0, 26, 1, 1, 0, 0, 0, 26, 1, 1, 1, 0, 26, 1, 1, 1, 1, 1, 1, 1, 1, 1, 1, 1, 1, 1, 1, 0, 0]'
'[1, 1, 0, 26, 1, 1, 24, 1, 1, 1, 1, 1, 1, 1, 1, 1, 1, 1, 1, 1, 28, 1, 1, 1, 1, 1, 1, 1, 1, 1]'
'[0, 26, 1, 1, 0, 26, 0, 26, 0, 26, 1, 1, 1, 0, 26, 1, 1, 1, 1, 1, 1, 1, 1, 1, 1, 0, 26, 1, 1, 1]'
'[0, 26, 1, 0, 26, 2, 0, 26, 1, 1, 0, 26, 50, 2, 1, 1, 1, 0, 26, 1, 0, 0, 0, 26, 0, 26, 1, 1, 1, 1]'
'[0, 0, 0, 0, 0, 0, 0, 0, 0, 0, 0, 0, 0, 0, 0, 0, 0, 0, 0, 26, 0, 26, 1, 0, 0, 0, 26, 1, 0, 0]'
'[1, 1, 0, 26, 0, 0, 0, 0, 0, 26, 0, 26, 0, 0, 0, 26, 1, 1, 1, 1, 1, 0, 0, 0, 0, 0, 0, 0, 0, 0]'
'[0, 26, 1, 0, 26, 0, 0, 26, 50, 1, 1, 0, 26, 1, 1, 1, 1, 0, 26, 50, 1, 1, 1, 1, 1, 1, 1, 1, 14, 1]'
'[1, 0, 0, 0, 0, 0, 0, 0, 0, 0, 0, 0, 0, 26, 1, 1, 1, 1, 1, 1, 0, 0, 0, 0, 0, 26, 1, 1, 1, 1]'
'[1, 1, 1, 1, 1, 1, 0, 0, 0, 0, 0, 0, 0, 0, 0, 0, 0, 0, 0, 0, 0, 0, 0, 0, 0, 0, 0, 0, 0, 0]'
'[24, 1, 1, 1, 0, 26, 1, 1, 1, 0, 26, 0, 26, 1, 0, 26, 28, 1, 1, 1, 1, 0, 26, 24, 1, 1, 0, 0, 26, 1]'
'[1, 24, 0, 0, 26, 1, 1, 1, 1, 1, 1, 1, 1, 25, 1, 24, 0, 26, 1, 1, 1, 1, 1, 1, 1, 1, 1, 0, 0, 0]'
'[1, 1, 1, 1, 1, 1, 1, 1, 1, 1, 1, 1, 1, 0, 0, 0, 0, 0, 0, 0, 0, 0, 0, 0, 0, 0, 0, 0, 26, 1]'
'[0, 26, 29, 23, 0, 26, 0, 0, 0, 0, 0, 0, 0, 0, 0, 0, 0, 0, 0, 0, 0, 0, 0, 0, 0, 0, 0, 0, 0, 0]'
'[23, 1, 1, 1, 1, 0, 0, 26, 1, 1, 1, 1, 0, 0, 0, 0, 0, 26, 1, 25, 1, 1, 1, 1, 1, 1, 1, 1, 1, 1]'
'[1, 1, 1, 1, 0, 0, 0, 26, 1, 1, 1, 0, 0, 26, 1, 0, 26, 0, 26, 0, 26, 0, 0, 26, 1, 1, 1, 0, 26, 1]'
'[1, 0, 26, 1, 24, 1, 24, 1, 23, 1, 1, 0, 0, 0, 0, 0, 0, 0, 26, 1, 0, 0, 0, 0, 0, 0, 0, 0, 0, 0]'
'[28, 1, 1, 0, 26, 1, 1, 1, 1, 1, 1, 1, 1, 1, 1, 1, 1, 1, 1, 1, 1, 1, 0, 0, 0, 26, 28, 24, 1, 28]'
'[0, 0, 0, 0, 26, 1, 28, 0, 26, 1, 1, 0, 0, 0, 0, 0, 0, 0, 26, 0, 0, 26, 1, 0, 0, 26, 1, 0, 26, 1]'
'[0, 0, 0, 26, 0, 26, 1, 28, 0, 0, 0, 26, 1, 0, 0, 26, 0, 26, 0, 0, 26, 0, 26, 0, 26, 1, 0, 0, 0, 0]'
'[1, 1, 0, 0, 26, 0, 26, 0, 0, 26, 1, 1, 1, 0, 26, 24, 1, 1, 1, 1, 1, 0, 0, 26, 1, 1, 1, 1, 0, 26]'
'[1, 1, 1, 1, 1, 1, 1, 1, 1, 1, 1, 1, 1, 1, 1, 1, 1, 1, 1, 1, 1, 1, 1, 1, 1, 1, 1, 1, 1, 1]'
'[1, 1, 1, 1, 1, 1, 1, 24, 1, 1, 1, 1, 1, 1, 1, 1, 1, 1, 1, 1, 0, 0, 0, 0, 0, 0, 0, 0, 0, 0]'
'[0, 0, 26, 1, 0, 0, 0, 0, 0, 26, 1, 1, 1, 0, 0, 0, 26, 1, 0, 26, 1, 0, 0, 0, 0, 26, 1, 0, 26, 0]'
'[1, 1, 24, 1, 1, 1, 1, 1, 1, 0, 0, 0, 0, 0, 0, 0, 0, 26, 24, 1, 24, 1, 1, 1, 1, 1, 0, 26, 1, 1]'
'[1, 1, 1, 1, 1, 1, 1, 1, 1, 1, 1, 1, 1, 1, 1, 1, 1, 1, 0, 0, 0, 0, 0, 0, 0, 0, 0, 0, 0, 0]'
'[1, 0, 0, 0, 26, 28, 1, 1, 0, 26, 1, 1, 1, 1, 1, 1, 1, 1, 1, 1, 1, 0, 26, 1, 24, 28, 1, 1, 24, 1]'
'[1, 1, 1, 1, 31, 1, 1, 1, 1, 1, 1, 1, 1, 1, 24, 1, 1, 1, 1, 1, 0, 0, 0, 26, 1, 29, 24, 0, 0, 0]'
'[1, 1, 0, 0, 0, 0, 0, 26, 1, 28, 1, 1, 24, 1, 1, 1, 0, 0, 0, 26, 1, 1, 1, 1, 24, 1, 28, 1, 1, 0]'
'[1, 0, 0, 26, 1, 28, 1, 1, 1, 1, 1, 1, 0, 26, 28, 1, 1, 1, 1, 0, 26, 1, 1, 1, 1, 1, 1, 1, 1, 1]'
'[0, 0, 0, 26, 1, 1, 1, 1, 50, 1, 1, 1, 1, 1, 1, 1, 25, 1, 1, 1, 0, 0, 0, 0, 0, 0, 0, 0, 0, 0]'
'[31, 24, 28, 1, 28, 24, 1, 24, 1, 23, 0, 26, 1, 1, 0, 26, 1, 0, 0, 0, 0, 0, 26, 1, 1, 1, 1, 1, 1, 1]'
'[1, 1, 1, 1, 1, 0, 26, 1, 1, 1, 1, 1, 0, 0, 0, 26, 1, 24, 1, 1, 1, 1, 1, 1, 1, 1, 1, 0, 0, 0]'
'[1, 1, 1, 0, 26, 1, 1, 1, 1, 1, 1, 1, 1, 1, 1, 1, 1, 1, 1, 1, 1, 1, 1, 1, 1, 1, 1, 0, 0, 0]'
'[38, 1, 7, 1, 1, 38, 9, 38, 1, 1, 2, 38, 1, 1, 1, 1, 1, 1, 1, 1, 1, 1, 1, 0, 26, 1, 1, 1, 1, 1]'
'[0, 0, 0, 0, 0, 0, 0, 0, 0, 0, 0, 0, 0, 0, 0, 0, 0, 0, 0, 0, 0, 0, 0, 0, 0, 0, 0, 0, 0, 0]'
'[1, 1, 1, 0, 0, 0, 0, 0, 26, 1, 1, 1, 1, 1, 1, 1, 1, 1, 1, 1, 0, 26, 1, 1, 1, 1, 1, 1, 0, 26]'
'[2, 1, 50, 1, 2, 1, 1, 47, 1, 1, 1, 0, 0, 26, 2, 1, 0, 26, 1, 1, 1, 50, 1, 1, 1, 14, 1, 1, 1, 1]'
'[1, 1, 1, 1, 0, 0, 0, 0, 26, 1, 1, 1, 1, 28, 1, 1, 1, 1, 1, 24, 1, 1, 1, 1, 0, 0, 0, 0, 0, 0]'
'[19, 21, 1, 33, 19, 33, 1, 17, 0, 0, 0, 0, 0, 0, 0, 0, 0, 0, 0, 0, 0, 0, 0, 0, 0, 0, 0, 0, 0, 0]'
'[23, 29, 23, 0, 26, 21, 23, 29, 30, 27, 0, 26, 0, 26, 0, 26, 0, 26, 0, 26, 0, 26, 0, 26, 0, 26, 0, 26, 0, 26]'
'[1, 1, 1, 24, 1, 1, 1, 0, 26, 1, 1, 1, 1, 1, 0, 0, 26, 1, 1, 0, 26, 1, 1, 1, 1, 1, 0, 26, 1, 25]'
'[1, 1, 1, 0, 26, 1, 1, 1, 0, 0, 26, 0, 26, 1, 1, 0, 0, 0, 0, 0, 0, 0, 0, 0, 26, 1, 1, 28, 1, 1]'
'[1, 1, 0, 26, 0, 0, 0, 26, 0, 0, 0, 0, 0, 26, 0, 0, 26, 27, 1, 1, 1, 1, 1, 0, 0, 0, 0, 0, 0, 0]'
'[1, 24, 1, 1, 1, 1, 1, 1, 1, 1, 1, 0, 0, 0, 0, 0, 0, 0, 0, 0, 0, 0, 0, 0, 0, 0, 0, 0, 0, 0]'
'[2, 1, 1, 0, 26, 1, 1, 0, 26, 1, 0, 26, 1, 0, 26, 1, 0, 0, 0, 26, 0, 26, 1, 1, 1, 0, 0, 26, 1, 1]'
'[24, 1, 1, 1, 0, 26, 1, 1, 1, 1, 1, 1, 1, 1, 1, 1, 1, 1, 1, 1, 1, 1, 1, 0, 0, 0, 0, 26, 1, 1]'
'[1, 1, 1, 0, 0, 0, 0, 0, 0, 0, 26, 28, 0, 26, 0, 26, 25, 0, 26, 0, 26, 24, 1, 1, 1, 1, 1, 1, 0, 26]'
'[26, 0, 26, 0, 26, 1, 1, 0, 26, 1, 1, 1, 50, 1, 1, 0, 26, 1, 14, 1, 1, 1, 1, 1, 50, 0, 26, 1, 1, 1]'
'[26, 1, 0, 0, 26, 1, 1, 1, 24, 1, 0, 26, 1, 1, 1, 1, 1, 1, 1, 1, 0, 0, 0, 0, 0, 0, 0, 0, 0, 0]'
'[1, 1, 24, 1, 24, 1, 0, 0, 26, 1, 1, 0, 0, 26, 1, 1, 1, 1, 1, 0, 0, 0, 26, 1, 25, 1, 24, 1, 1, 1]'
'[26, 0, 0, 26, 1, 0, 26, 1, 0, 26, 0, 26, 0, 26, 0, 26, 0, 26, 1, 0, 26, 1, 0, 26, 1, 1, 0, 26, 1, 1]'
'[1, 1, 1, 1, 1, 1, 1, 0, 0, 0, 0, 0, 0, 0, 0, 0, 0, 26, 0, 0, 0, 0, 0, 0, 0, 0, 0, 0, 0, 0]'
'[0, 26, 1, 1, 1, 1, 1, 1, 1, 1, 1, 1, 1, 1, 0, 0, 0, 0, 26, 1, 1, 1, 1, 1, 1, 1, 1, 1, 1, 1]'
'[1, 1, 1, 22, 1, 1, 25, 1, 1, 1, 0, 0, 0, 26, 24, 1, 1, 1, 1, 1, 1, 1, 1, 1, 1, 1, 1, 1, 1, 0]'
'[0, 26, 0, 26, 0, 26, 0, 26, 0, 26, 0, 26, 0, 26, 0, 26, 0, 26, 0, 26, 0, 26, 0, 26, 0, 0, 0, 26, 0, 0]'
'[1, 1, 50, 1, 1, 1, 1, 1, 14, 1, 1, 1, 1, 1, 1, 1, 1, 1, 1, 1, 1, 1, 1, 1, 1, 1, 1, 1, 1, 1]'
'[1, 28, 1, 1, 1, 1, 1, 1, 1, 28, 1, 24, 1, 24, 1, 1, 1, 1, 1, 1, 1, 1, 1, 1, 1, 1, 1, 1, 1, 1]'
'[1, 24, 1, 24, 1, 1, 1, 1, 1, 28, 24, 28, 1, 1, 1, 1, 1, 1, 1, 1, 1, 1, 1, 1, 1, 1, 1, 1, 1, 0]'
'[23, 19, 0, 26, 28, 29, 21, 31, 21, 1, 33, 19, 35, 17, 33, 19, 33, 19, 31, 18, 29, 33, 19, 33, 19, 35, 19, 19, 35, 17]'
'[0, 26, 1, 24, 0, 26, 1, 1, 0, 26, 1, 0, 26, 0, 26, 1, 1, 0, 26, 0, 26, 1, 1, 1, 1, 1, 1, 1, 1, 1]'
'[1, 1, 1, 27, 1, 0, 0, 0, 26, 1, 28, 27, 1, 1, 1, 1, 0, 0, 0, 0, 26, 1, 1, 1, 1, 1, 1, 1, 0, 0]'
'[1, 24, 1, 1, 1, 1, 0, 26, 29, 28, 1, 27, 1, 25, 0, 26, 1, 1, 1, 1, 1, 1, 1, 1, 1, 0, 0, 0, 0, 0]'
'[0, 0, 0, 0, 26, 0, 26, 1, 0, 0, 0, 0, 0, 26, 1, 1, 1, 1, 0, 0, 0, 26, 0, 26, 1, 0, 0, 26, 1, 0]'
'[1, 1, 1, 0, 0, 0, 0, 0, 0, 0, 0, 26, 1, 1, 28, 29, 1, 1, 1, 1, 1, 1, 0, 0, 0, 0, 0, 0, 0, 0]'
'[1, 1, 1, 1, 1, 23, 1, 1, 1, 1, 1, 1, 1, 31, 1, 1, 1, 1, 1, 1, 1, 1, 1, 0, 26, 1, 1, 1, 1, 1]'
'[0, 0, 0, 0, 0, 0, 26, 1, 1, 1, 1, 1, 1, 1, 1, 1, 0, 0, 26, 1, 1, 1, 1, 1, 1, 1, 1, 1, 1, 1]'
'[1, 1, 1, 1, 1, 1, 1, 1, 1, 1, 1, 1, 1, 1, 1, 1, 1, 1, 1, 1, 1, 1, 1, 1, 1, 1, 0, 0, 0, 0]'
'[1, 1, 24, 1, 1, 1, 0, 0, 0, 0, 0, 0, 0, 0, 0, 0, 0, 26, 1, 1, 1, 1, 1, 1, 1, 0, 0, 0, 0, 26]'
'[1, 1, 1, 1, 1, 1, 1, 1, 1, 1, 1, 1, 1, 1, 1, 1, 1, 1, 1, 1, 0, 0, 0, 0, 0, 0, 0, 0, 0, 0]'
'[26, 1, 1, 0, 26, 1, 1, 1, 1, 0, 26, 1, 1, 1, 1, 1, 0, 26, 1, 1, 1, 1, 1, 1, 0, 26, 0, 0, 26, 1]'
'[1, 0, 26, 1, 1, 1, 24, 28, 1, 1, 1, 1, 0, 26, 1, 1, 1, 1, 1, 0, 26, 1, 1, 1, 1, 1, 0, 26, 1, 1]'
'[0, 0, 26, 0, 26, 1, 0, 0, 26, 0, 26, 1, 1, 1, 1, 1, 1, 1, 1, 0, 0, 26, 1, 0, 26, 1, 1, 1, 1, 1]'
'[1, 1, 1, 1, 1, 1, 0, 0, 26, 1, 1, 1, 1, 0, 26, 1, 1, 1, 0, 26, 1, 28, 1, 1, 1, 1, 1, 1, 1, 1]'
'[1, 1, 1, 1, 1, 1, 1, 1, 1, 1, 1, 1, 1, 0, 0, 26, 1, 1, 1, 1, 1, 1, 1, 1, 24, 1, 1, 28, 1, 1]'
'[1, 24, 24, 28, 1, 24, 28, 23, 1, 1, 1, 24, 1, 1, 1, 1, 1, 1, 0, 0, 0, 0, 0, 0, 0, 0, 0, 0, 0, 0]'
'[0, 0, 0, 0, 0, 0, 0, 0, 0, 0, 0, 0, 26, 24, 1, 1, 1, 1, 1, 1, 1, 1, 1, 1, 1, 1, 1, 1, 1, 1]'
'[1, 1, 0, 26, 1, 1, 1, 1, 1, 24, 1, 0, 0, 26, 1, 25, 1, 1, 1, 1, 1, 1, 1, 1, 1, 1, 1, 1, 1, 24]'
'[24, 1, 0, 0, 0, 0, 0, 26, 1, 1, 1, 1, 1, 1, 1, 1, 1, 1, 1, 1, 23, 1, 1, 1, 1, 27, 1, 0, 0, 0]'
'[1, 1, 1, 0, 0, 0, 0, 0, 0, 0, 0, 0, 0, 0, 0, 0, 0, 0, 0, 0, 0, 0, 0, 0, 0, 0, 0, 0, 0, 0]'
'[1, 1, 1, 1, 1, 1, 1, 1, 1, 1, 1, 1, 1, 1, 1, 1, 1, 1, 1, 1, 1, 1, 1, 1, 0, 0, 0, 0, 0, 0]'
'[1, 1, 1, 0, 0, 0, 0, 0, 0, 0, 0, 0, 0, 0, 0, 0, 0, 0, 0, 0, 0, 0, 0, 0, 0, 0, 0, 0, 0, 0]'
'[1, 1, 1, 1, 24, 1, 1, 1, 1, 1, 1, 1, 1, 1, 1, 1, 28, 1, 1, 1, 1, 1, 1, 1, 0, 26, 1, 1, 1, 1]'
'[1, 1, 1, 1, 1, 1, 1, 1, 1, 1, 1, 1, 1, 1, 1, 1, 1, 1, 0, 0, 0, 0, 26, 1, 1, 1, 23, 1, 0, 26]'
'[1, 1, 27, 0, 26, 27, 1, 1, 0, 0, 0, 0, 0, 0, 0, 26, 1, 0, 0, 26, 1, 1, 1, 1, 1, 1, 1, 1, 1, 1]'
'[1, 24, 1, 28, 1, 24, 1, 0, 0, 26, 1, 1, 1, 1, 1, 1, 1, 1, 0, 0, 0, 0, 0, 0, 0, 0, 0, 0, 0, 0]'
'[1, 1, 1, 1, 1, 1, 0, 0, 0, 0, 0, 26, 1, 1, 1, 1, 1, 1, 1, 1, 1, 0, 26, 1, 1, 1, 1, 1, 1, 1]'
'[1, 1, 1, 1, 1, 1, 1, 1, 0, 0, 0, 26, 1, 1, 1, 1, 1, 1, 0, 0, 0, 0, 0, 0, 0, 0, 0, 0, 0, 0]'
'[1, 1, 1, 1, 1, 1, 1, 0, 0, 0, 0, 0, 0, 0, 0, 0, 0, 0, 0, 0, 0, 0, 0, 0, 0, 0, 0, 0, 0, 0]'
'[1, 1, 1, 1, 1, 1, 1, 1, 1, 1, 1, 1, 0, 0, 26, 1, 0, 26, 1, 1, 1, 0, 0, 0, 26, 1, 1, 1, 1, 1]'
'[1, 1, 1, 7, 1, 1, 1, 1, 0, 26, 1, 1, 1, 1, 1, 1, 1, 1, 1, 1, 1, 1, 28, 1, 1, 1, 1, 1, 1, 1]'
'[1, 1, 1, 1, 1, 1, 1, 28, 1, 24, 1, 1, 1, 25, 1, 1, 1, 1, 1, 1, 1, 1, 1, 0, 0, 0, 0, 26, 1, 1]'
'[0, 26, 0, 26, 0, 26, 0, 26, 0, 26, 0, 26, 0, 26, 0, 26, 0, 26, 0, 26, 0, 26, 0, 26, 0, 26, 0, 26, 0, 26]'
'[1, 1, 1, 1, 1, 1, 0, 26, 24, 1, 1, 1, 0, 0, 0, 26, 29, 1, 1, 1, 1, 1, 1, 0, 0, 0, 0, 0, 0, 0]'
'[0, 0, 0, 0, 0, 0, 26, 1, 0, 0, 0, 0, 0, 0, 0, 0, 0, 0, 0, 0, 0, 26, 0, 26, 1, 28, 1, 1, 1, 0]'
'[1, 1, 1, 1, 1, 0, 0, 0, 0, 0, 0, 0, 0, 0, 0, 0, 0, 0, 0, 0, 0, 0, 0, 26, 1, 1, 0, 26, 1, 1]'
'[1, 1, 1, 0, 0, 0, 0, 0, 26, 0, 26, 0, 26, 0, 0, 0, 0, 0, 0, 26, 1, 0, 0, 0, 26, 0, 0, 0, 26, 0]'
'[26, 0, 26, 1, 1, 1, 1, 0, 0, 0, 0, 26, 1, 1, 24, 1, 0, 26, 1, 1, 1, 1, 1, 0, 0, 0, 0, 0, 0, 0]'
'[24, 1, 24, 1, 28, 24, 1, 1, 1, 1, 1, 1, 1, 1, 0, 0, 0, 0, 26, 1, 1, 24, 1, 1, 1, 1, 0, 0, 26, 1]'
'[28, 1, 1, 1, 0, 26, 1, 1, 1, 1, 1, 0, 0, 26, 1, 24, 1, 1, 1, 1, 0, 26, 1, 1, 1, 28, 29, 1, 1, 1]'
'[1, 1, 1, 1, 1, 0, 0, 0, 0, 0, 0, 0, 0, 0, 0, 0, 0, 0, 0, 0, 0, 0, 0, 0, 0, 0, 0, 0, 0, 0]'
'[14, 38, 14, 38, 14, 38, 14, 38, 14, 38, 14, 38, 14, 38, 14, 38, 14, 38, 14, 38, 14, 38, 14, 38, 9, 38, 14, 38, 14, 38]'
'[0, 26, 1, 1, 1, 1, 0, 0, 0, 26, 0, 26, 1, 50, 1, 1, 1, 1, 1, 14, 0, 0, 0, 0, 0, 0, 0, 0, 0, 0]'
'[1, 24, 1, 1, 1, 1, 1, 1, 1, 1, 0, 0, 0, 0, 0, 0, 26, 1, 1, 1, 24, 1, 1, 1, 1, 0, 26, 1, 25, 1]'
'[1, 1, 1, 1, 1, 1, 1, 1, 1, 1, 1, 1, 1, 1, 1, 1, 1, 1, 0, 0, 0, 0, 0, 0, 26, 1, 1, 1, 1, 1]'
'[0, 0, 0, 0, 0, 0, 0, 0, 0, 0, 0, 0, 0, 0, 0, 0, 0, 0, 26, 0, 0, 0, 0, 0, 0, 0, 0, 0, 0, 0]'
'[1, 1, 1, 1, 1, 1, 1, 1, 1, 1, 1, 1, 14, 1, 1, 1, 1, 1, 1, 1, 1, 1, 1, 1, 1, 1, 1, 1, 1, 1]'
'[24, 0, 0, 26, 1, 1, 1, 1, 1, 1, 0, 0, 0, 0, 26, 1, 28, 1, 1, 24, 1, 0, 0, 0, 26, 1, 1, 1, 0, 26]'
'[1, 0, 0, 26, 1, 23, 1, 24, 0, 0, 26, 0, 26, 1, 1, 1, 1, 23, 1, 0, 26, 1, 23, 1, 1, 1, 29, 1, 23, 1]'
'[1, 24, 1, 1, 1, 1, 1, 0, 0, 0, 0, 0, 26, 28, 28, 1, 24, 1, 1, 1, 1, 0, 26, 24, 24, 1, 0, 0, 26, 1]'
'[1, 1, 1, 1, 1, 1, 1, 1, 1, 1, 1, 1, 25, 1, 1, 1, 1, 1, 1, 1, 22, 1, 1, 1, 1, 1, 1, 1, 1, 0]'
'[26, 24, 1, 0, 26, 1, 1, 1, 0, 26, 1, 1, 1, 1, 1, 1, 1, 1, 1, 1, 1, 1, 0, 26, 1, 0, 0, 0, 0, 26]'
'[1, 1, 1, 0, 26, 1, 1, 1, 1, 1, 1, 1, 24, 28, 1, 1, 27, 1, 1, 1, 0, 26, 28, 1, 1, 1, 24, 25, 24, 24]'
'[0, 0, 0, 0, 0, 0, 0, 0, 0, 0, 0, 0, 0, 0, 0, 0, 0, 0, 0, 0, 0, 0, 0, 0, 0, 0, 0, 0, 0, 0]'
'[1, 23, 1, 1, 1, 24, 1, 1, 1, 1, 1, 1, 1, 1, 1, 1, 0, 0, 0, 0, 0, 0, 0, 0, 0, 0, 0, 0, 0, 0]'
'[1, 1, 1, 1, 1, 1, 1, 1, 0, 0, 0, 0, 0, 0, 0, 0, 0, 26, 1, 24, 1, 1, 1, 1, 1, 1, 1, 1, 25, 1]'
'[1, 28, 24, 1, 23, 1, 1, 1, 1, 1, 1, 1, 1, 0, 0, 0, 0, 0, 0, 0, 0, 0, 0, 0, 0, 0, 0, 0, 0, 0]'
'[1, 1, 1, 1, 1, 1, 24, 1, 1, 1, 1, 1, 28, 1, 1, 1, 1, 1, 1, 1, 1, 1, 1, 1, 0, 26, 24, 1, 1, 1]'
'[1, 1, 1, 0, 0, 0, 0, 26, 1, 0, 0, 26, 1, 1, 1, 1, 24, 1, 1, 1, 1, 0, 0, 26, 1, 1, 1, 1, 1, 1]'
'[1, 1, 1, 1, 0, 0, 26, 28, 1, 24, 1, 0, 0, 0, 0, 0, 0, 0, 26, 1, 1, 1, 1, 1, 1, 1, 1, 0, 26, 1]'
'[0, 0, 0, 0, 26, 0, 0, 26, 1, 1, 1, 1, 1, 24, 1, 0, 0, 26, 1, 24, 1, 1, 0, 26, 0, 26, 0, 26, 1, 1]'
'[1, 1, 1, 1, 24, 1, 1, 1, 1, 1, 1, 1, 1, 1, 1, 1, 1, 1, 1, 1, 1, 1, 1, 1, 1, 1, 1, 1, 1, 1]'
'[1, 1, 0, 0, 0, 26, 1, 28, 1, 1, 1, 1, 1, 1, 1, 1, 1, 0, 0, 0, 0, 0, 0, 0, 0, 0, 0, 0, 26, 0]'
'[1, 1, 0, 26, 1, 1, 1, 1, 1, 1, 1, 1, 1, 1, 1, 1, 1, 1, 1, 1, 1, 1, 1, 1, 1, 1, 1, 1, 1, 1]'
'[1, 1, 1, 1, 1, 1, 1, 1, 1, 1, 1, 1, 1, 1, 1, 1, 1, 1, 1, 0, 0, 0, 0, 0, 0, 0, 0, 0, 0, 0]'
'[0, 26, 0, 0, 0, 0, 26, 1, 0, 0, 0, 26, 1, 1, 28, 1, 1, 0, 0, 26, 1, 0, 0, 0, 0, 26, 1, 0, 26, 1]'
'[28, 1, 1, 0, 0, 0, 0, 0, 26, 1, 1, 1, 1, 1, 1, 0, 0, 0, 0, 0, 0, 0, 0, 26, 1, 1, 1, 1, 24, 1]'
'[0, 0, 0, 0, 0, 0, 0, 0, 0, 0, 0, 0, 0, 0, 0, 0, 0, 0, 0, 0, 0, 0, 0, 0, 0, 0, 0, 0, 0, 0]'
'[1, 1, 1, 1, 1, 1, 1, 1, 1, 1, 1, 1, 1, 1, 1, 28, 1, 1, 1, 1, 1, 1, 1, 1, 24, 1, 1, 1, 1, 1]'
'[26, 1, 0, 0, 0, 26, 1, 1, 1, 0, 26, 1, 1, 1, 1, 1, 0, 26, 1, 0, 26, 1, 0, 26, 1, 1, 1, 1, 0, 26]'
'[1, 1, 1, 1, 1, 1, 1, 1, 1, 1, 1, 1, 1, 0, 0, 26, 1, 1, 1, 1, 1, 1, 1, 1, 0, 0, 26, 1, 1, 1]'
'[1, 1, 1, 1, 1, 0, 0, 0, 0, 0, 26, 0, 26, 1, 1, 1, 1, 1, 1, 1, 1, 1, 1, 1, 1, 1, 1, 1, 0, 26]'
'[1, 24, 1, 1, 1, 1, 1, 1, 1, 1, 1, 1, 1, 0, 0, 0, 26, 1, 0, 0, 26, 1, 1, 1, 1, 1, 0, 0, 0, 0]'
'[1, 1, 1, 1, 0, 0, 0, 0, 0, 0, 0, 0, 0, 0, 0, 0, 0, 0, 0, 0, 0, 0, 0, 0, 0, 0, 0, 0, 0, 0]'
'[1, 0, 0, 26, 0, 26, 1, 1, 1, 1, 1, 1, 1, 1, 1, 1, 0, 0, 0, 26, 1, 1, 1, 1, 1, 1, 1, 1, 1, 1]'
'[26, 1, 1, 1, 1, 1, 1, 0, 0, 0, 26, 0, 0, 26, 1, 0, 26, 1, 1, 1, 1, 1, 1, 1, 0, 26, 0, 26, 1, 1]'
'[1, 1, 1, 0, 0, 0, 26, 1, 1, 1, 1, 1, 23, 1, 1, 1, 1, 1, 1, 1, 24, 1, 1, 1, 1, 1, 1, 0, 0, 0]'
'[1, 1, 1, 1, 0, 26, 2, 1, 50, 0, 26, 1, 1, 1, 1, 1, 1, 1, 1, 1, 1, 14, 1, 1, 1, 1, 1, 1, 1, 1]'
'[0, 26, 0, 26, 29, 0, 0, 26, 1, 1, 1, 1, 1, 0, 0, 0, 0, 26, 0, 26, 1, 1, 1, 1, 1, 1, 0, 0, 0, 26]'
'[1, 1, 1, 1, 1, 1, 1, 1, 0, 0, 26, 1, 1, 1, 1, 1, 1, 1, 1, 1, 1, 1, 1, 1, 1, 1, 1, 0, 0, 26]'
'[0, 0, 0, 0, 0, 0, 0, 0, 0, 0, 0, 0, 0, 0, 0, 0, 0, 0, 0, 0, 0, 0, 0, 0, 0, 0, 0, 0, 0, 0]'
'[1, 1, 1, 24, 1, 1, 1, 0, 0, 26, 1, 24, 1, 1, 0, 26, 1, 1, 1, 1, 0, 26, 0, 26, 1, 1, 0, 26, 1, 1]'
'[1, 1, 0, 26, 1, 1, 24, 1, 24, 1, 0, 26, 1, 1, 1, 1, 28, 1, 1, 0, 0, 0, 0, 0, 26, 1, 24, 0, 26, 1]'
'[1, 1, 1, 1, 0, 0, 0, 0, 0, 0, 0, 0, 0, 0, 0, 0, 0, 0, 26, 1, 1, 1, 1, 1, 1, 1, 1, 1, 1, 1]'
'[1, 0, 26, 1, 1, 1, 0, 26, 0, 0, 0, 26, 0, 0, 26, 0, 26, 1, 1, 1, 1, 0, 0, 0, 0, 0, 26, 1, 0, 0]'
'[0, 0, 0, 0, 0, 0, 0, 0, 26, 1, 1, 1, 1, 1, 1, 1, 1, 1, 1, 1, 1, 1, 1, 1, 1, 1, 1, 1, 1, 0]'
'[0, 26, 1, 0, 0, 0, 0, 26, 24, 1, 1, 1, 1, 1, 1, 0, 0, 0, 0, 0, 0, 26, 1, 1, 1, 1, 1, 1, 24, 1]'
'[50, 1, 1, 2, 50, 1, 1, 1, 0, 0, 0, 26, 0, 26, 1, 1, 1, 50, 2, 1, 1, 1, 1, 1, 1, 1, 1, 1, 1, 1]'
'[1, 1, 1, 1, 1, 1, 1, 1, 1, 1, 1, 1, 24, 1, 1, 0, 0, 26, 1, 1, 24, 1, 1, 0, 0, 0, 0, 0, 0, 0]'
'[1, 0, 0, 0, 0, 26, 1, 0, 26, 1, 1, 1, 1, 0, 0, 26, 1, 1, 1, 0, 0, 26, 1, 1, 1, 1, 1, 1, 28, 1]'
'[0, 26, 0, 26, 1, 1, 1, 1, 1, 50, 2, 1, 1, 1, 1, 50, 1, 1, 1, 1, 1, 1, 1, 1, 1, 1, 1, 1, 1, 1]'
'[0, 26, 1, 1, 1, 1, 1, 1, 1, 1, 1, 1, 1, 0, 0, 0, 0, 0, 0, 0, 26, 1, 1, 1, 1, 1, 24, 1, 1, 1]'
'[0, 26, 1, 24, 1, 24, 28, 0, 0, 26, 1, 1, 25, 1, 1, 1, 1, 1, 1, 0, 26, 1, 0, 26, 0, 26, 0, 26, 1, 1]'
'[31, 1, 1, 21, 1, 33, 1, 1, 0, 0, 0, 0, 0, 0, 0, 0, 0, 0, 0, 0, 0, 0, 0, 0, 0, 0, 0, 0, 0, 0]'
'[1, 1, 1, 0, 0, 0, 0, 0, 0, 0, 0, 0, 0, 0, 0, 0, 0, 26, 1, 1, 1, 1, 1, 1, 1, 1, 1, 1, 1, 1]'
'[1, 0, 26, 1, 1, 1, 1, 1, 0, 0, 0, 26, 1, 0, 26, 1, 1, 0, 26, 1, 0, 26, 1, 1, 0, 26, 50, 0, 26, 1]'
'[24, 24, 1, 1, 1, 1, 1, 1, 1, 1, 1, 1, 1, 1, 1, 1, 1, 1, 1, 1, 1, 1, 1, 1, 1, 1, 1, 1, 1, 1]'
'[0, 26, 0, 26, 1, 1, 1, 1, 1, 1, 24, 1, 1, 1, 1, 1, 1, 1, 24, 1, 1, 1, 23, 1, 1, 1, 1, 1, 1, 0]'
'[26, 1, 0, 0, 0, 0, 0, 0, 26, 1, 0, 0, 0, 0, 0, 26, 1, 1, 1, 1, 1, 1, 1, 0, 26, 1, 0, 0, 0, 0]'
'[1, 1, 1, 1, 1, 1, 1, 1, 0, 0, 0, 0, 0, 0, 0, 0, 0, 0, 0, 26, 0, 26, 1, 0, 26, 0, 26, 0, 0, 0]'
'[1, 1, 1, 24, 28, 1, 1, 1, 1, 1, 1, 1, 1, 1, 1, 1, 1, 1, 1, 1, 1, 1, 1, 1, 1, 1, 0, 0, 0, 0]'
'[1, 1, 1, 1, 1, 1, 0, 0, 26, 1, 1, 1, 1, 1, 1, 1, 1, 1, 1, 1, 1, 0, 0, 0, 0, 0, 0, 0, 26, 1]'
'[1, 28, 1, 1, 1, 1, 1, 1, 1, 1, 1, 1, 0, 26, 1, 1, 24, 1, 28, 1, 24, 1, 28, 1, 24, 1, 1, 0, 26, 28]'
'[0, 0, 26, 1, 0, 0, 26, 0, 26, 0, 26, 0, 0, 0, 26, 1, 0, 0, 0, 0, 0, 0, 0, 0, 0, 0, 0, 0, 0, 0]'
'[1, 0, 0, 0, 0, 0, 0, 0, 0, 0, 0, 0, 0, 0, 0, 0, 26, 1, 1, 1, 1, 0, 0, 26, 1, 1, 1, 1, 1, 1]'
'[0, 0, 26, 0, 26, 1, 1, 1, 1, 1, 1, 1, 1, 1, 0, 0, 0, 26, 1, 1, 0, 26, 1, 1, 0, 0, 26, 24, 0, 0]'
'[1, 0, 26, 1, 1, 0, 26, 1, 1, 1, 1, 1, 1, 1, 1, 0, 0, 26, 1, 0, 26, 1, 1, 1, 1, 1, 1, 0, 0, 26]'
'[1, 1, 1, 1, 28, 24, 1, 1, 1, 1, 1, 1, 1, 1, 1, 1, 1, 0, 0, 0, 0, 0, 0, 0, 0, 0, 0, 26, 1, 1]'
'[0, 26, 28, 0, 0, 26, 0, 26, 24, 1, 1, 0, 0, 0, 0, 26, 0, 0, 0, 0, 0, 0, 0, 0, 26, 1, 0, 0, 0, 26]'
'[2, 26, 1, 1, 0, 26, 2, 0, 26, 1, 1, 50, 2, 1, 1, 1, 1, 1, 0, 0, 26, 1, 0, 26, 1, 1, 1, 1, 14, 1]'
'[0, 0, 0, 0, 0, 0, 0, 26, 0, 0, 0, 26, 0, 0, 26, 0, 0, 0, 0, 0, 0, 0, 0, 0, 0, 26, 0, 26, 0, 0]'
'[1, 1, 1, 1, 1, 1, 1, 1, 0, 0, 0, 26, 1, 1, 1, 0, 0, 0, 0, 0, 0, 0, 26, 1, 0, 26, 1, 25, 1, 28]'
'[0, 26, 1, 1, 1, 1, 50, 1, 1, 1, 1, 1, 1, 0, 26, 1, 1, 1, 1, 1, 1, 1, 1, 1, 1, 1, 1, 1, 1, 1]'
'[22, 35, 23, 27, 0, 26, 31, 21, 0, 26, 0, 26, 0, 26, 0, 26, 0, 26, 0, 26, 0, 26, 0, 26, 0, 26, 0, 26, 0, 26]'
'[1, 1, 1, 1, 1, 1, 1, 1, 1, 1, 1, 0, 26, 1, 1, 1, 1, 0, 0, 26, 1, 1, 1, 1, 1, 0, 0, 0, 0, 26]'
'[1, 1, 1, 1, 24, 1, 1, 1, 1, 1, 1, 1, 0, 0, 26, 25, 1, 29, 1, 1, 24, 1, 1, 1, 1, 1, 1, 1, 1, 1]'
'[1, 1, 1, 1, 1, 1, 0, 0, 0, 0, 0, 0, 0, 0, 0, 0, 0, 26, 1, 1, 1, 24, 1, 28, 1, 0, 0, 26, 1, 0]'
'[1, 1, 1, 0, 0, 0, 0, 0, 0, 0, 0, 0, 0, 0, 0, 0, 0, 0, 0, 0, 0, 0, 0, 0, 0, 0, 0, 0, 0, 0]'
'[1, 25, 1, 24, 1, 1, 1, 1, 0, 0, 0, 0, 0, 0, 0, 26, 1, 1, 1, 1, 28, 1, 1, 1, 1, 1, 0, 26, 0, 26]'
'[1, 1, 1, 1, 1, 1, 1, 1, 1, 1, 1, 1, 1, 1, 0, 0, 0, 0, 0, 0, 0, 0, 0, 0, 0, 0, 0, 0, 0, 0]'
'[24, 1, 1, 0, 0, 0, 0, 0, 0, 0, 0, 0, 26, 1, 0, 0, 0, 0, 0, 0, 0, 0, 0, 0, 0, 0, 0, 0, 0, 0]'
'[28, 1, 24, 1, 0, 26, 1, 1, 24, 1, 1, 1, 1, 1, 1, 1, 1, 1, 1, 1, 1, 1, 28, 1, 1, 1, 1, 24, 1, 0]'
'[1, 1, 21, 1, 0, 0, 26, 1, 1, 1, 1, 1, 1, 1, 1, 0, 26, 1, 1, 1, 1, 1, 1, 1, 1, 1, 1, 0, 0, 0]'
'[1, 0, 26, 1, 0, 26, 1, 24, 1, 1, 1, 28, 1, 1, 1, 1, 1, 1, 1, 1, 0, 0, 26, 1, 0, 26, 24, 28, 1, 24]'
'[0, 26, 1, 1, 0, 0, 26, 1, 0, 26, 0, 26, 1, 1, 1, 1, 1, 0, 26, 1, 24, 0, 0, 0, 0, 26, 1, 1, 0, 0]'
'[1, 24, 1, 24, 1, 1, 1, 1, 1, 1, 1, 1, 1, 1, 1, 1, 1, 1, 0, 0, 0, 0, 0, 26, 1, 1, 1, 1, 28, 28]'
'[23, 1, 1, 1, 1, 1, 1, 1, 1, 1, 1, 1, 1, 0, 0, 26, 1, 1, 1, 1, 1, 1, 1, 1, 1, 1, 1, 1, 1, 1]'
'[1, 1, 1, 1, 0, 26, 1, 1, 1, 28, 1, 24, 1, 1, 1, 1, 1, 1, 1, 1, 1, 0, 0, 0, 0, 0, 0, 26, 1, 24]'
'[1, 0, 26, 0, 26, 1, 25, 0, 26, 25, 1, 1, 1, 1, 1, 1, 1, 1, 1, 0, 26, 1, 1, 1, 1, 1, 1, 1, 1, 1]'
'[1, 1, 31, 33, 0, 26, 1, 35, 17, 33, 1, 19, 1, 33, 0, 26, 1, 1, 0, 26, 33, 19, 33, 1, 19, 31, 1, 1, 0, 26]'
'[26, 1, 1, 1, 1, 1, 1, 0, 0, 0, 0, 0, 0, 0, 0, 0, 0, 0, 0, 26, 1, 1, 1, 1, 1, 1, 0, 0, 26, 1]'
'[0, 26, 28, 1, 28, 24, 1, 1, 0, 0, 0, 0, 0, 0, 26, 28, 28, 24, 1, 1, 28, 1, 24, 1, 1, 1, 0, 0, 0, 0]'
'[0, 26, 1, 28, 1, 0, 26, 0, 26, 0, 26, 0, 26, 0, 26, 0, 26, 0, 0, 26, 0, 26, 0, 26, 0, 26, 0, 26, 24, 1]'
'[0, 0, 0, 0, 0, 0, 26, 1, 0, 26, 1, 0, 26, 1, 1, 1, 1, 1, 1, 1, 1, 0, 26, 0, 26, 24, 1, 0, 0, 26]'
'[0, 26, 0, 26, 1, 0, 26, 50, 1, 1, 2, 0, 26, 1, 0, 26, 1, 0, 26, 1, 1, 1, 1, 0, 26, 14, 1, 1, 1, 1]'
'[1, 1, 1, 1, 1, 1, 1, 1, 1, 1, 28, 1, 1, 1, 1, 1, 1, 1, 1, 0, 26, 0, 26, 1, 1, 1, 1, 1, 0, 0]'
'[26, 0, 26, 0, 26, 0, 26, 1, 1, 0, 26, 1, 1, 1, 1, 0, 26, 1, 0, 26, 1, 1, 1, 1, 1, 1, 0, 0, 0, 0]'
'[0, 0, 0, 26, 1, 1, 0, 26, 0, 26, 1, 1, 1, 0, 0, 0, 0, 0, 0, 0, 26, 24, 1, 23, 24, 1, 1, 1, 1, 1]'
'[1, 1, 1, 1, 1, 1, 1, 1, 1, 1, 0, 0, 26, 29, 1, 1, 1, 1, 1, 1, 25, 1, 1, 1, 24, 1, 1, 1, 24, 1]'
'[0, 26, 1, 2, 0, 26, 1, 1, 1, 1, 1, 1, 1, 1, 1, 1, 2, 1, 1, 1, 1, 1, 1, 1, 1, 1, 1, 1, 1, 1]'
'[1, 0, 0, 0, 26, 1, 1, 27, 0, 26, 1, 24, 1, 0, 26, 1, 1, 1, 1, 1, 1, 23, 24, 1, 1, 1, 1, 1, 1, 1]'
'[25, 1, 1, 1, 1, 1, 0, 26, 1, 24, 1, 1, 1, 1, 1, 1, 1, 1, 1, 1, 1, 1, 1, 1, 1, 1, 1, 1, 1, 1]'
'[26, 1, 0, 26, 1, 0, 26, 1, 1, 1, 1, 1, 1, 1, 1, 1, 1, 1, 1, 1, 1, 1, 1, 1, 1, 1, 1, 1, 1, 1]'
'[1, 24, 1, 28, 1, 1, 1, 1, 0, 0, 0, 0, 0, 0, 0, 0, 0, 0, 0, 0, 0, 0, 0, 0, 0, 0, 0, 0, 0, 0]'
'[1, 1, 1, 1, 1, 1, 1, 1, 1, 1, 1, 24, 1, 1, 1, 1, 23, 1, 0, 0, 26, 1, 1, 1, 1, 1, 1, 1, 1, 24]'
'[0, 0, 0, 0, 0, 0, 0, 0, 0, 0, 0, 0, 0, 0, 0, 26, 24, 23, 1, 1, 1, 24, 1, 1, 1, 1, 0, 0, 0, 0]'
'[0, 0, 0, 0, 0, 0, 26, 0, 0, 0, 0, 0, 26, 0, 26, 1, 0, 0, 0, 0, 0, 0, 26, 0, 0, 0, 0, 26, 0, 26]'
'[24, 24, 1, 1, 1, 1, 1, 1, 1, 1, 1, 0, 0, 0, 0, 0, 0, 0, 0, 0, 0, 0, 0, 0, 0, 0, 0, 0, 0, 0]'
'[25, 1, 1, 1, 1, 1, 1, 24, 1, 1, 1, 1, 1, 1, 1, 1, 1, 1, 1, 1, 1, 1, 1, 1, 28, 1, 1, 1, 1, 1]'
'[0, 0, 0, 26, 1, 1, 1, 1, 0, 0, 0, 0, 0, 26, 1, 1, 1, 1, 1, 24, 1, 1, 1, 1, 1, 1, 1, 1, 1, 0]'
'[1, 1, 1, 1, 1, 1, 1, 0, 0, 0, 0, 0, 0, 0, 0, 0, 26, 0, 26, 0, 26, 1, 0, 26, 0, 26, 0, 26, 0, 26]'
'[0, 0, 0, 0, 0, 0, 0, 0, 0, 0, 0, 0, 0, 0, 0, 0, 0, 0, 0, 0, 0, 0, 0, 0, 26, 0, 26, 1, 0, 0]'
'[1, 23, 1, 29, 23, 1, 1, 1, 1, 1, 1, 1, 1, 1, 1, 1, 1, 1, 1, 1, 1, 1, 1, 1, 1, 1, 1, 1, 1, 1]'
'[28, 1, 1, 1, 24, 1, 1, 1, 1, 1, 1, 0, 0, 26, 1, 1, 1, 1, 1, 1, 1, 1, 1, 1, 0, 0, 0, 0, 0, 26]'
'[0, 26, 1, 1, 1, 1, 1, 1, 1, 1, 0, 0, 26, 1, 1, 1, 1, 1, 1, 1, 1, 1, 1, 0, 0, 0, 0, 0, 0, 26]'
'[0, 0, 0, 0, 26, 1, 1, 1, 24, 1, 1, 1, 1, 0, 0, 0, 0, 0, 0, 0, 26, 1, 1, 1, 1, 1, 1, 1, 1, 0]'
'[24, 1, 1, 1, 1, 1, 1, 1, 1, 1, 1, 0, 26, 1, 1, 1, 1, 1, 0, 26, 1, 1, 1, 0, 0, 0, 0, 0, 0, 0]'
'[1, 0, 26, 0, 26, 24, 1, 0, 26, 1, 1, 0, 0, 26, 0, 0, 0, 0, 26, 0, 26, 1, 1, 0, 0, 0, 0, 26, 0, 26]'
'[1, 0, 26, 1, 0, 26, 0, 26, 1, 2, 1, 1, 50, 1, 0, 0, 26, 0, 26, 0, 26, 1, 1, 0, 0, 26, 2, 0, 26, 2]'
'[1, 1, 1, 1, 1, 1, 1, 1, 1, 1, 1, 1, 1, 1, 1, 1, 1, 1, 1, 1, 1, 1, 1, 1, 1, 1, 1, 1, 1, 1]'
'[24, 0, 0, 0, 0, 0, 26, 1, 0, 26, 1, 1, 1, 1, 1, 1, 1, 1, 1, 1, 0, 26, 1, 1, 1, 1, 1, 1, 1, 1]'
'[28, 1, 1, 1, 1, 1, 1, 1, 1, 1, 1, 1, 0, 0, 26, 1, 24, 1, 1, 1, 1, 1, 1, 28, 1, 1, 1, 1, 1, 0]'
'[26, 24, 1, 0, 0, 0, 0, 0, 0, 0, 0, 26, 24, 0, 0, 26, 1, 1, 0, 0, 26, 24, 24, 0, 0, 0, 0, 26, 1, 0]'
'[0, 0, 0, 0, 0, 0, 0, 0, 0, 0, 0, 0, 0, 0, 0, 0, 0, 0, 0, 0, 0, 0, 0, 0, 0, 0, 0, 0, 0, 0]'
'[14, 38, 14, 38, 14, 38, 14, 38, 14, 38, 14, 38, 14, 38, 14, 38, 14, 38, 14, 38, 14, 38, 14, 38, 14, 38, 14, 38, 14, 38]'
'[1, 1, 0, 0, 0, 0, 0, 26, 1, 1, 1, 0, 0, 0, 0, 26, 1, 0, 26, 1, 0, 0, 26, 28, 1, 1, 0, 0, 26, 0]'
'[1, 1, 1, 28, 1, 1, 1, 1, 0, 0, 0, 0, 26, 23, 1, 1, 24, 1, 1, 25, 27, 28, 1, 1, 1, 1, 1, 1, 1, 0]'
'[1, 1, 24, 1, 1, 1, 0, 0, 0, 0, 26, 1, 1, 1, 1, 1, 1, 0, 0, 0, 0, 0, 26, 1, 1, 1, 1, 1, 1, 1]'
'[33, 19, 0, 26, 0, 26, 33, 19, 33, 19, 33, 23, 29, 19, 0, 26, 35, 19, 31, 21, 33, 19, 33, 19, 35, 29, 19, 33, 19, 35]'
'[0, 0, 0, 0, 0, 0, 0, 0, 0, 0, 0, 0, 26, 28, 1, 1, 0, 0, 26, 24, 1, 1, 0, 26, 24, 28, 0, 26, 1, 28]'
'[33, 21, 29, 23, 0, 26, 0, 26, 0, 26, 0, 26, 28, 19, 0, 26, 0, 26, 0, 26, 0, 26, 0, 26, 0, 26, 0, 26, 0, 26]'
'[0, 0, 0, 0, 0, 0, 0, 0, 0, 0, 0, 0, 0, 0, 0, 0, 0, 0, 0, 0, 0, 0, 0, 0, 0, 0, 0, 0, 0, 0]'
'[1, 1, 1, 0, 0, 0, 0, 26, 1, 1, 1, 1, 1, 1, 1, 1, 1, 1, 1, 1, 0, 0, 0, 0, 0, 0, 0, 0, 0, 0]'
'[1, 1, 0, 0, 0, 0, 0, 0, 0, 0, 0, 0, 0, 26, 1, 1, 1, 1, 1, 1, 0, 26, 1, 1, 1, 1, 1, 1, 0, 0]'
'[0, 0, 0, 26, 1, 1, 1, 0, 26, 1, 1, 1, 1, 1, 1, 0, 0, 0, 26, 28, 1, 1, 1, 0, 26, 1, 1, 1, 1, 1]'
'[1, 1, 28, 0, 0, 0, 0, 0, 26, 1, 1, 1, 0, 0, 0, 0, 26, 1, 1, 1, 1, 0, 0, 0, 0, 0, 0, 0, 26, 0]'
'[24, 1, 30, 1, 1, 1, 1, 1, 1, 1, 1, 1, 1, 1, 1, 1, 1, 0, 0, 0, 0, 26, 1, 28, 1, 1, 1, 1, 1, 1]'
'[1, 24, 28, 29, 28, 24, 23, 24, 0, 0, 0, 26, 24, 1, 1, 1, 0, 0, 0, 26, 1, 24, 1, 24, 28, 1, 24, 25, 24, 1]'
'[1, 1, 1, 1, 1, 1, 1, 1, 1, 1, 1, 1, 1, 1, 1, 1, 1, 0, 0, 26, 1, 1, 1, 1, 1, 1, 1, 1, 1, 1]'
'[1, 1, 1, 1, 1, 1, 1, 1, 1, 1, 1, 1, 1, 1, 0, 26, 1, 1, 1, 0, 26, 1, 24, 1, 1, 1, 1, 1, 1, 1]'
'[1, 1, 1, 1, 1, 1, 1, 1, 1, 1, 1, 1, 1, 1, 0, 0, 0, 0, 0, 0, 0, 0, 0, 0, 0, 0, 0, 26, 1, 25]'
'[27, 1, 1, 1, 1, 1, 0, 26, 1, 1, 1, 1, 1, 1, 1, 1, 1, 1, 1, 1, 1, 1, 1, 0, 26, 1, 1, 1, 1, 1]'
'[0, 0, 0, 0, 0, 0, 0, 0, 0, 0, 26, 1, 0, 26, 0, 26, 0, 0, 26, 0, 0, 0, 0, 0, 0, 0, 0, 0, 0, 0]'
'[26, 1, 1, 0, 26, 24, 1, 1, 1, 1, 1, 24, 1, 1, 0, 0, 0, 26, 28, 1, 1, 1, 1, 1, 1, 1, 1, 1, 0, 26]'
'[26, 24, 1, 1, 1, 1, 0, 26, 0, 0, 26, 1, 1, 1, 1, 1, 0, 0, 0, 0, 0, 0, 26, 1, 1, 1, 1, 1, 1, 1]'
'[0, 0, 0, 0, 0, 0, 0, 0, 0, 0, 0, 0, 0, 0, 0, 0, 0, 0, 0, 0, 0, 0, 0, 0, 0, 0, 0, 0, 0, 0]'
'[1, 1, 1, 24, 1, 1, 1, 1, 1, 1, 1, 1, 1, 1, 1, 1, 1, 1, 1, 1, 1, 1, 1, 1, 1, 1, 28, 1, 1, 1]'
'[21, 29, 23, 0, 26, 0, 26, 0, 26, 0, 26, 0, 26, 0, 26, 0, 26, 0, 26, 0, 26, 0, 26, 23, 0, 26, 0, 26, 0, 26]'
'[0, 0, 0, 0, 0, 0, 0, 0, 0, 0, 0, 0, 0, 0, 0, 0, 0, 0, 0, 0, 0, 0, 0, 0, 0, 0, 0, 0, 0, 0]'
'[0, 0, 26, 1, 1, 1, 1, 1, 1, 1, 1, 1, 1, 1, 1, 1, 1, 1, 1, 1, 1, 1, 1, 28, 0, 26, 1, 1, 0, 26]'
'[1, 1, 1, 0, 0, 0, 26, 1, 1, 1, 1, 1, 1, 0, 26, 1, 1, 1, 1, 1, 1, 1, 1, 1, 1, 1, 1, 1, 1, 1]'
'[0, 0, 0, 0, 26, 0, 26, 28, 0, 0, 26, 0, 0, 0, 0, 0, 0, 26, 0, 0, 26, 0, 26, 28, 24, 0, 0, 26, 0, 0]'
'[0, 0, 26, 1, 1, 0, 26, 0, 26, 1, 0, 26, 1, 0, 26, 1, 1, 1, 1, 25, 0, 26, 1, 1, 1, 1, 1, 1, 1, 1]'
'[1, 1, 1, 1, 1, 1, 1, 1, 1, 0, 26, 1, 1, 1, 0, 26, 1, 1, 1, 1, 1, 1, 1, 1, 1, 0, 26, 1, 1, 1]'
'[24, 24, 0, 26, 0, 26, 0, 26, 0, 26, 0, 26, 0, 26, 0, 26, 0, 26, 0, 26, 0, 26, 0, 26, 0, 26, 0, 26, 0, 26]'
'[24, 1, 1, 1, 24, 1, 1, 1, 1, 1, 1, 1, 0, 26, 1, 1, 1, 1, 1, 25, 1, 24, 1, 1, 1, 1, 1, 1, 1, 1]'
'[19, 35, 17, 33, 19, 35, 17, 33, 19, 33, 19, 35, 17, 33, 19, 35, 17, 33, 19, 33, 19, 33, 19, 33, 19, 33, 19, 33, 19, 33]'
'[1, 1, 1, 0, 26, 1, 1, 1, 1, 0, 0, 0, 0, 26, 1, 1, 1, 0, 26, 1, 1, 1, 1, 1, 1, 1, 1, 1, 0, 26]'
'[1, 1, 0, 0, 0, 0, 0, 0, 0, 0, 0, 0, 26, 1, 1, 1, 1, 0, 0, 0, 0, 26, 1, 1, 1, 0, 26, 1, 1, 1]'
'[1, 24, 0, 26, 29, 1, 1, 23, 1, 0, 0, 26, 1, 1, 0, 0, 0, 26, 0, 26, 1, 1, 1, 1, 1, 1, 1, 1, 1, 1]'
'[0, 0, 26, 0, 26, 1, 1, 1, 1, 25, 27, 1, 1, 1, 1, 1, 1, 1, 1, 1, 1, 1, 1, 1, 1, 0, 26, 1, 1, 1]'
'[1, 0, 26, 0, 26, 0, 26, 1, 1, 1, 1, 1, 1, 1, 0, 0, 26, 1, 1, 1, 1, 1, 1, 24, 1, 1, 1, 1, 1, 1]'
'[1, 1, 1, 0, 26, 28, 1, 28, 1, 1, 1, 1, 1, 1, 1, 1, 1, 1, 1, 1, 1, 1, 1, 1, 1, 1, 1, 1, 1, 0]'
'[1, 1, 1, 0, 0, 0, 0, 26, 1, 1, 28, 24, 1, 1, 1, 1, 1, 1, 1, 1, 1, 1, 1, 0, 26, 1, 24, 1, 1, 1]'
'[1, 1, 1, 1, 1, 27, 1, 1, 1, 1, 1, 1, 1, 1, 1, 1, 23, 1, 1, 1, 1, 24, 25, 1, 1, 1, 1, 1, 1, 29]'
'[1, 1, 1, 1, 1, 1, 1, 1, 1, 0, 26, 1, 1, 1, 1, 1, 1, 1, 1, 1, 1, 1, 1, 1, 1, 1, 1, 1, 1, 1]'
'[29, 1, 21, 1, 35, 19, 24, 1, 29, 21, 0, 26, 29, 23, 24, 1, 28, 0, 0, 0, 0, 0, 0, 0, 0, 0, 0, 0, 26, 0]'
'[19, 19, 33, 19, 33, 19, 35, 19, 31, 19, 33, 19, 33, 19, 33, 19, 35, 17, 33, 19, 35, 17, 33, 19, 33, 19, 35, 17, 33, 19]'
'[0, 0, 26, 1, 1, 1, 0, 26, 1, 1, 1, 1, 1, 1, 1, 1, 1, 1, 1, 1, 0, 0, 0, 0, 0, 0, 0, 0, 0, 0]'
'[1, 1, 1, 1, 1, 1, 1, 1, 1, 1, 0, 0, 0, 0, 26, 1, 1, 1, 0, 26, 1, 1, 1, 1, 1, 1, 0, 26, 1, 1]'
'[0, 0, 26, 0, 0, 26, 1, 1, 1, 1, 1, 1, 0, 0, 0, 0, 26, 1, 1, 28, 1, 1, 1, 24, 1, 1, 1, 1, 0, 26]'
'[50, 28, 0, 26, 50, 1, 1, 1, 1, 1, 0, 0, 26, 1, 1, 1, 1, 1, 1, 1, 1, 1, 1, 1, 1, 1, 1, 0, 0, 26]'
'[1, 1, 24, 1, 0, 0, 0, 26, 1, 1, 0, 26, 0, 0, 0, 0, 26, 1, 0, 0, 26, 1, 1, 28, 1, 1, 1, 1, 1, 1]'
'[0, 0, 0, 0, 0, 0, 26, 1, 1, 1, 1, 0, 26, 0, 0, 0, 0, 0, 26, 0, 0, 0, 0, 0, 0, 0, 0, 0, 26, 0]'
'[24, 1, 1, 1, 1, 0, 0, 26, 28, 1, 1, 1, 1, 1, 1, 1, 1, 1, 1, 1, 0, 0, 0, 0, 0, 0, 0, 0, 0, 0]'
